Date,Air Temp Max (C),Air Temp Min (C),24-hour Total Precip (mm),Season Total Precip (mm),% of Precip as Snow,% of Precip as Rain,New Snow (cm),Season Total Snow (cm),Snowpack depth (cm),Snow Water Equivalent (cm),dt
1970-10-31,13.176774193548388,-0.17903225806451614,2.580967741935484,25.899806451612903,,,1.651,14.584516129032258,7.292258064516129,0.0,2.48832e+16
1970-11-30,5.9385,-2.0535,15.820571428571428,273.6580666666667,,,5.533571428571428,79.04866666666666,29.21,16.002,2.75184e+16
1970-12-31,-0.5370967741935483,-8.718870967741937,14.264967741935484,803.7498709677419,,,18.21688,494.40245161290323,203.0446117647059,51.056988235294114,3.01536e+16
1971-01-31,3.5627419354838707,-7.8953225806451615,6.677741935483871,1092.0495483870968,,,5.649310344827587,762.2603225806452,232.54297647058823,73.75412941176471,3.2832e+16
1971-02-28,4.261607142857143,-8.661964285714285,2.313214285714286,1186.632214285714,,,1.1641666666666668,833.76,181.67684210526318,73.84715789473684,3.53808e+16
1971-03-31,3.9029032258064515,-7.358225806451612,9.250516129032258,1358.736193548387,,,9.895416666666668,981.5116129032258,228.28955555555558,86.69161111111111,3.79296e+16
1971-04-30,7.066999999999999,-4.7175,3.7676666666666665,1573.2929333333334,,,2.7353846153846155,1119.7763333333335,209.83073684210527,90.31705263157895,4.05648e+16
1971-05-31,8.915806451612903,-1.1816129032258065,2.8185806451612905,1677.9513548387097,,,0.6519333333333334,1174.6517419354839,121.3970588235294,54.43070588235294,4.32e+16
1971-06-30,16.465,1.7945,2.015066666666667,1744.9184,,,0.508,1194.9,45.72,,4.58352e+16
1971-07-31,23.990322580645163,7.018064516129033,0.11470967741935484,1785.605935483871,,,0.0,1194.9,0.0,0.0,4.84704e+16
1971-08-31,24.54532258064516,7.573064516129032,0.29496774193548386,1789.499419354839,,,0.0,1194.9,0.0,0.0,5.11488e+16
1971-09-30,18.5555,3.1635,1.3716000000000002,1799.2606,,,1.1006666666666667,1196.2546666666667,0.0,0.0,5.3784e+16
1971-10-31,10.509193548387096,-2.309516129032258,1.310967741935484,16.32974193548387,,,1.2276666666666667,16.141290322580645,5.08,0.0,5.64192e+16
1971-11-30,4.9765,-4.8469999999999995,5.858933333333334,116.1332,,,2.624666666666667,71.852,16.026190476190475,0.7281333333333334,5.90544e+16
1971-12-31,-2.649677419354839,-11.78032258064516,12.880258064516129,375.8892903225806,,,15.24,252.1274193548387,129.51097142857142,,6.16896e+16
1972-01-31,1.3069354838709677,-9.470806451612905,4.260645161290323,648.8069677419355,,,5.896428571428572,469.83096774193547,168.35482857142856,48.07373333333334,6.4368e+16
1972-02-29,3.0046551724137927,-6.7939655172413795,7.812689655172413,810.738,,,6.5024,652.3196551724138,197.28542857142858,65.3796,6.696e+16
1972-03-31,7.841612903225807,-4.046129032258064,3.1790967741935487,1032.1094193548388,,,1.8626666666666665,777.4567741935484,167.53416666666666,65.09808333333334,6.9552e+16
1972-04-30,6.105,-4.7175,5.3255333333333335,1183.7449333333332,,,4.082142857142857,891.3629999999999,118.13309090909091,41.3258,7.21872e+16
1972-05-31,13.445322580645161,-0.6624193548387097,0.8603225806451612,1243.5610967741936,,,0.254,936.103870967742,55.88,,7.48224e+16
1972-06-30,18.7405,3.9775,0.9990666666666667,1281.5213333333334,,,0.08466666666666667,942.8626666666665,0.08466666666666667,0.0,7.74576e+16
1972-07-31,23.399516129032257,6.266129032258065,0.0,1289.0,,,0.0,943.5,0.0,,8.00928e+16
1972-08-31,22.88032258064516,6.21241935483871,0.05735483870967742,1290.3191612903227,,,0.0,943.5,0.0,0.0,8.27712e+16
1972-09-30,16.058,1.9795000000000003,3.547241379310345,1335.6362666666669,,,0.0,943.5,0.0,0.0,8.54064e+16
1972-10-31,9.30967741935484,-0.30435483870967744,2.834967741935484,56.396967741935484,,,0.24580645161290324,3.4412903225806453,0.24580645161290324,0.0,8.80416e+16
1972-11-30,2.96,-7.0855,8.040413793103449,249.78953333333337,,,7.6834999999999996,97.68533333333333,57.96642857142857,,9.06768e+16
1972-12-31,-1.3606451612903225,-10.974677419354839,7.182068965517241,429.60548387096776,,,5.167586206896552,269.37290322580645,87.83319999999999,23.205440000000003,9.3312e+16
1973-01-31,-0.6087096774193548,-10.99258064516129,13.871677419354839,753.4950322580646,,,17.55913043478261,509.1151612903226,175.51667368421053,48.149435294117644,9.59904e+16
1973-02-28,1.8830357142857144,-7.5321428571428575,9.162142857142857,1091.3089285714286,,,9.499600000000001,840.0589285714286,265.32275555555555,76.86209333333333,9.85392e+16
1973-03-31,0.6803225806451613,-9.184354838709677,4.793225806451613,1299.4290322580646,,,4.160344827586207,1026.9164516129033,267.82969523809527,92.8672380952381,1.01088e+17
1973-04-30,7.6034999999999995,-4.976500000000001,1.524,1394.0763333333334,,,1.0818518518518518,1096.6526666666666,208.4832,78.14243157894737,1.037232e+17
1973-05-31,15.100625,-0.9169565217391304,1.737032258064516,1428.1077419354838,,,0.327741935483871,1111.2490322580645,30.59083636363636,11.625118181818182,1.063584e+17
1973-06-30,20.28833333333333,4.357777777777778,0.7450666666666667,1484.0527333333334,,,0.0,1112.6,0.0,0.0,1.089936e+17
1973-07-31,24.115645161290324,6.588387096774194,0.1310967741935484,1487.9172903225806,,,0.0,1112.6,0.0,0.0,1.116288e+17
1973-08-31,22.701290322580647,5.782741935483871,0.942258064516129,1495.0800000000002,,,0.0,1112.6,0.0,0.0,1.143072e+17
1973-09-30,18.407500000000002,2.8675,1.3377333333333332,1532.3011333333334,,,0.0,1112.6,0.0,0.0,1.169424e+17
1973-10-31,11.995161290322581,-1.3248387096774195,3.5232258064516127,49.95606451612903,,,1.1061290322580646,14.830322580645161,3.689047619047619,0.0,1.195776e+17
1973-11-30,-0.555,-7.3075,16.010466666666666,396.84973333333335,,,9.895416666666668,157.32066666666665,47.232454545454544,13.415818181818183,1.222128e+17
1973-12-31,0.8056451612903226,-8.21758064516129,10.987548387096773,762.891806451613,,,8.325555555555555,406.80870967741936,138.684,42.661114285714284,1.24848e+17
1974-01-31,-1.1279032258064514,-9.793064516129032,9.250516129032258,1098.9645806451613,,,5.715000000000001,620.5883870967742,175.387,61.22811111111111,1.275264e+17
1974-02-28,3.032678571428572,-9.494464285714287,5.2886428571428565,1284.1682857142857,,,4.263571428571429,711.5475,184.38142222222223,70.65433333333334,1.300752e+17
1974-03-31,4.672741935483871,-5.746935483870968,12.568903225806453,1568.8549032258065,,,8.89,918.361935483871,236.79867826086956,93.19380952380952,1.32624e+17
1974-04-30,7.326,-4.958,4.8768,1848.9900666666665,,,4.717142857142858,1111.1983333333333,236.15315789473684,100.3701052631579,1.352592e+17
1974-05-31,12.800806451612903,-2.0946774193548388,0.45064516129032256,1907.2270967741936,,,0.3628571428571429,1170.588387096774,73.13653913043478,33.054234782608695,1.378944e+17
1974-06-30,21.7375,4.07,0.16641379310344828,1916.8965333333333,,,0.0,1176.2,0.0,0.0,1.405296e+17
1974-07-31,22.128387096774194,6.5525806451612905,4.121354838709677,2014.2094193548387,,,0.0,1176.2,0.0,0.0,1.431648e+17
1974-08-31,23.20258064516129,5.693225806451613,0.7865806451612903,2069.64735483871,,,0.0,1176.2,0.0,0.0,1.458432e+17
1974-09-30,24.0315,5.328,0.0,2072.0,,,0.0,1176.2,0.0,0.0,1.484784e+17
1974-10-31,15.110322580645162,1.0920967741935486,2.105741935483871,8.43116129032258,,,0.8466666666666666,2.3761290322580644,1.966451612903226,0.0,1.511136e+17
1974-11-30,7.881,-4.958,3.107266666666667,107.17053333333334,,,2.3988888888888886,58.841,9.329615384615384,0.0,1.537488e+17
1974-12-31,2.273709677419355,-8.683064516129033,4.678516129032258,242.76264516129032,,,3.3866666666666663,142.35193548387096,43.990126315789475,14.7574,1.56384e+17
1975-01-31,4.601129032258064,-8.41451612903226,5.112774193548387,426.63283870967746,,,3.9413793103448276,272.6293548387097,101.09200000000001,31.30647692307692,1.590624e+17
1975-02-28,1.5658928571428572,-7.135714285714286,15.040428571428572,775.0462142857143,,,15.24,582.4210714285715,216.55314285714286,70.22253333333333,1.616112e+17
1975-03-31,1.3964516129032258,-7.358225806451612,11.626645161290321,1059.4890322580643,,,12.7,826.4532258064515,260.2088888888889,93.1545,1.6416e+17
1975-04-30,2.6824999999999997,-8.436,5.968999999999999,1344.3968,,,8.303846153846154,1124.0046666666667,301.14837647058823,120.094375,1.667952e+17
1975-05-31,11.637096774193548,-2.685483870967742,1.515806451612903,1458.6989032258066,,,0.983225806451613,1226.5851612903225,227.09051428571428,117.5766,1.694304e+17
1975-06-30,15.928500000000001,0.24050000000000005,0.9809655172413794,1475.7140666666667,,,0.5926666666666667,1239.4253333333334,0.762,0.0,1.720656e+17
1975-07-31,21.77032258064516,5.6574193548387095,0.14748387096774193,1499.5072258064515,,,0.0,1253.5,0.0,0.0,1.747008e+17
1975-08-31,19.031129032258065,3.974516129032258,1.4256774193548387,1520.7304516129032,,,0.0,1253.5,0.0,0.0,1.773792e+17
1975-09-30,22.163,4.921,0.11853333333333334,1548.5061333333333,,,0.0,1253.5,0.0,0.0,1.800144e+17
1975-10-31,10.527096774193547,-1.5396774193548386,7.554451612903225,107.60587096774194,,,2.3351612903225805,35.06838709677419,5.08,0.0,1.826496e+17
1975-11-30,5.55,-6.253,3.3189333333333333,290.8113333333333,,,1.6933333333333336,95.514,13.362608695652172,,1.852848e+17
1975-12-31,6.910645161290323,-6.033387096774193,2.023806451612903,370.96929032258066,,,2.3351612903225805,163.6351612903226,24.2316,6.6548,1.8792e+17
1976-01-31,7.053870967741935,-7.573064516129032,1.5895483870967744,432.6009677419355,,,1.7206451612903226,233.08548387096772,41.656,10.44956,1.905984e+17
1976-02-29,3.7127586206896552,-7.406379310344827,7.243379310344827,528.0507586206896,,,4.7625,310.2103448275862,59.70451428571429,16.276561904761905,1.931904e+17
1976-03-31,6.033387096774193,-8.325,3.2364516129032257,721.0992258064516,,,5.9558620689655175,513.9622580645162,104.99725000000001,31.574316666666665,1.957824e+17
1976-04-30,7.918,-5.106,1.8880666666666666,793.6089333333333,,,1.4514285714285715,565.4686666666665,53.544176923076925,21.08973043478261,1.984176e+17
1976-05-31,15.307258064516128,-0.34016129032258063,0.21303225806451614,816.310193548387,,,0.08193548387096775,578.7303225806452,0.0,0.0,2.010528e+17
1976-06-30,18.1115,2.701,0.5841999999999999,832.6745999999999,,,0.0,579.1,0.0,0.0,2.03688e+17
1976-07-31,24.59903225806452,6.883790322580645,0.06773333333333334,838.1966451612903,,,0.0,579.1,0.0,0.0,2.063232e+17
1976-08-31,18.97741935483871,4.457903225806452,2.613741935483871,884.4425806451613,,,0.0,579.1,0.0,0.0,2.090016e+17
1976-09-30,19.7765,4.8100000000000005,1.4478,950.3624,,,0.0,579.1,0.0,0.0,2.116368e+17
1976-10-31,16.32774193548387,0.12532258064516133,0.942258064516129,28.012516129032257,,,0.0,0.0,0.0,0.0,2.14272e+17
1976-11-30,12.5615,-2.516,1.5324666666666669,55.543,,,0.9313333333333333,15.832666666666666,0.9313333333333333,0.0,2.169072e+17
1976-12-31,8.683064516129033,-6.069193548387097,0.327741935483871,78.0643870967742,,,0.3891935483870968,30.829193548387096,0.6759677419354839,0.0,2.195424e+17
1977-01-31,4.977096774193548,-8.665161290322581,3.760838709677419,190.5925806451613,,,3.4244642857142855,127.36370967741935,58.75250909090909,13.488609523809524,2.222208e+17
1977-02-28,8.325,-6.996964285714285,4.2454285714285716,236.9772857142857,,,2.833076923076923,163.1142857142857,43.92328421052632,14.472557142857143,2.247696e+17
1977-03-31,3.526935483870968,-10.115322580645161,3.900129032258065,378.66580645161287,,,5.08,277.1958064516129,66.31829565217392,19.36253043478261,2.273184e+17
1977-04-30,12.21,-2.5900000000000003,0.635,448.13739999999996,,,0.33866666666666667,359.35066666666665,10.644553846153846,3.697653846153846,2.299536e+17
1977-05-31,7.035967741935484,-2.8824193548387096,5.161935483870968,563.7369032258065,,,3.2774193548387096,431.27354838709675,6.402916666666667,0.19396363636363637,2.325888e+17
1977-06-30,21.8855,6.215999999999999,0.8297333333333333,636.7903333333333,,,0.0,463.7,0.0,0.0,2.35224e+17
1977-07-31,24.205161290322582,6.373548387096775,0.2458064516129032,653.1954838709678,,,0.0,463.7,0.0,0.0,2.378592e+17
1977-08-31,25.315161290322582,8.360806451612904,0.5503333333333332,657.564193548387,,,0.0,463.7,0.0,0.0,2.405376e+17
1977-09-30,18.407500000000002,3.9405,1.0498666666666667,678.3904666666666,,,0.0,463.7,0.0,0.0,2.431728e+17
1977-10-31,15.629516129032258,0.4833870967741935,0.5899354838709677,2.5809677419354835,,,0.1638709677419355,0.4096774193548387,0.1638709677419355,0.0,2.45808e+17
1977-11-30,7.3445,-4.0515,5.147733333333333,85.75026666666666,,,3.6567241379310347,52.49216666666666,14.458461538461538,4.304145454545455,2.484432e+17
1977-12-31,3.5806451612903225,-5.711129032258064,12.904838709677419,323.67077419354837,,,5.407741935483871,167.8608064516129,54.927499999999995,18.217147368421053,2.510784e+17
1978-01-31,1.9693548387096773,-6.284032258064516,14.584516129032258,882.3318064516129,,,14.6558,519.6108064516129,238.74064761904762,82.3165619047619,2.537568e+17
1978-02-28,3.8651785714285714,-6.3825,8.291285714285715,1201.0866428571428,,,8.485909090909091,780.8992857142857,296.80033684210525,107.65322105263158,2.563056e+17
1978-03-31,7.698387096774193,-2.918225806451613,7.357806451612903,1421.3363870967742,,,4.75074074074074,937.5687096774193,277.36579130434785,116.86871304347825,2.588544e+17
1978-04-30,5.531499999999999,-4.680499999999999,6.866466666666667,1593.4701333333333,,,7.196666666666666,1078.1676666666667,247.14708000000002,108.3818,2.614896e+17
1978-05-31,11.834032258064516,-1.5754838709677421,1.2945806451612902,1708.9274838709678,,,0.8043333333333335,1167.1609677419353,137.17385454545453,65.38075454545455,2.641248e+17
1978-06-30,16.724,1.073,0.41486666666666666,1732.6764,,,0.0,1178.6,1.7417142857142858,0.7864928571428571,2.6676e+17
1978-07-31,22.86241935483871,6.140806451612904,0.17206451612903226,1747.4736774193548,,,0.0,1178.6,0.0,0.0,2.693952e+17
1978-08-31,22.933392857142856,5.906785714285715,0.0,1748.0,,,0.0,1178.6,0.0,0.0,2.720736e+17
1978-09-30,16.5575,2.738,3.2088666666666668,1825.6647333333335,,,0.0,1178.6,0.0,0.0,2.747088e+17
1978-10-31,17.580967741935485,1.5754838709677421,0.11470967741935484,0.13929032258064514,,,0.0,0.0,0.0,0.0,2.77344e+17
1978-11-30,5.6425,-5.975499999999999,3.6321999999999997,55.870533333333334,,,4.515555555555555,59.395999999999994,31.47391304347826,2.81305,2.799792e+17
1978-12-31,2.452741935483871,-10.419677419354839,2.9250967741935483,170.07541935483871,,,3.1326666666666667,174.7783870967742,48.126650000000005,11.07821,2.826144e+17
1979-01-31,0.4833870967741935,-10.294354838709678,8.087032258064516,363.52838709677417,,,5.868275862068966,312.7887096774194,104.38089032258065,24.200757142857146,2.852928e+17
1979-02-28,0.7992,-8.3028,11.86542857142857,575.4425,,,13.217407407407407,528.0378571428572,158.447232,40.327072,2.878416e+17
1979-03-31,5.8543548387096775,-5.227741935483871,4.703379310344827,838.3614193548387,,,6.773333333333333,832.6503225806451,196.41574193548388,60.18573793103449,2.903904e+17
1979-04-30,6.919,-5.513,4.842933333333334,983.6636666666667,,,3.433703703703704,964.2810000000001,151.5570962962963,55.73888888888889,2.930256e+17
1979-05-31,12.308467741935484,-2.2110483870967745,2.9332903225806453,1144.0856774193549,,,1.7616129032258063,1062.1306451612902,55.37855483870968,18.45491428571429,2.956608e+17
1979-06-30,19.276999999999997,2.267844827586207,0.20864285714285713,1161.7262666666668,,,0.16933333333333334,1075.4706666666666,0.16933333333333334,0.0,2.98296e+17
1979-07-31,22.898225806451613,5.711129032258064,0.5981290322580645,1171.7432903225806,,,0.0,1078.2,0.0,0.0,3.009312e+17
1979-08-31,21.949354838709677,6.122903225806452,0.7210322580645161,1186.6956774193548,,,0.0,1078.2,0.0,0.0,3.036096e+17
1979-09-30,22.8105,5.4575,0.0,1206.0,,,0.0,1078.2,0.0,0.0,3.062448e+17
1979-10-31,12.854516129032259,0.6624193548387096,5.293032258064517,64.81096774193549,,,0.5255172413793103,5.8993548387096775,0.8466666666666666,0.0,3.0888e+17
1979-11-30,5.753500000000001,-5.531499999999999,4.444999999999999,227.08513333333335,,,2.032,45.299,10.724444444444444,2.54,3.115152e+17
1979-12-31,4.619032258064516,-6.1049999999999995,9.152193548387098,358.5990967741935,,,7.251290322580645,134.78387096774193,74.42606400000001,11.595099999999999,3.141504e+17
1980-01-31,1.844032258064516,-5.818548387096774,16.788580645161293,904.2190967741936,,,5.715000000000001,405.4467741935484,144.202912,51.552474999999994,3.168288e+17
1980-02-29,3.9806896551724136,-5.0906896551724135,15.134896551724138,1275.1126206896554,,,14.027727272727274,586.3620689655172,211.1248,76.70920952380952,3.194208e+17
1980-03-31,2.1662903225806454,-8.11016129032258,6.206066666666667,1676.1545161290323,,,6.491111111111111,912.5654838709677,295.0850521739131,112.51111428571429,3.220128e+17
1980-04-30,7.843999999999999,-4.3105,3.6745333333333337,1810.7907333333335,,,2.9796153846153848,1019.733,249.3573217391304,104.16650434782609,3.24648e+17
1980-05-31,9.41709677419355,-2.1662903225806454,2.452076923076923,1876.288064516129,,,1.6256,1058.3806451612904,86.4616,36.00510476190476,3.272832e+17
1980-06-30,14.35344827586207,0.6889655172413793,1.0885714285714285,1923.8515333333335,,,0.29633333333333334,1082.2740000000001,,,3.299184e+17
1980-07-31,22.217903225806452,6.158709677419355,1.130709677419355,1963.906451612903,,,0.0,1083.3,0.0,0.0,3.325536e+17
1980-08-31,21.19741935483871,4.44,0.0,1966.0,,,0.0,1083.3,0.0,0.0,3.35232e+17
1980-09-30,19.5915,3.4040000000000004,0.09313333333333333,1968.1082,,,0.0,1083.3,0.0,0.0,3.378672e+17
1980-10-31,14.465806451612902,0.3938709677419356,1.9746451612903226,29.971999999999998,,,0.5735483870967742,8.029677419354838,0.7257142857142858,0.0,3.405024e+17
1980-11-30,7.474,-3.7925,2.7516666666666665,99.76886666666665,,,0.8466666666666666,27.917666666666666,2.4553333333333334,0.0,3.431376e+17
1980-12-31,5.507419354838709,-5.9796774193548385,3.7854193548387096,246.05296774193548,,,2.032,99.61258064516129,48.21612727272727,13.810544444444444,3.457728e+17
1981-01-31,4.727068965517241,-5.292321428571428,8.144387096774194,320.583870967742,,,8.233103448275862,150.16580645161292,44.430121739130435,17.567275,3.484512e+17
1981-02-28,4.796785714285714,-7.056428571428571,4.871357142857143,570.0977142857143,,,4.098636363636364,362.1860714285714,118.14144761904763,31.10290476190476,3.51e+17
1981-03-31,4.459821428571429,-6.2345,6.177935483870967,717.1789032258064,,,5.715,495.06129032258065,110.9853,36.322,3.535488e+17
1981-04-30,9.953000000000001,-3.0155000000000003,1.8711333333333333,872.8956666666667,,,1.620344827586207,635.5586666666667,71.63223333333333,28.175527272727276,3.56184e+17
1981-05-31,12.561499999999999,-0.5549999999999999,3.330222222222222,933.2896129032258,,,0.18142857142857144,653.8303225806452,0.08466666666666667,0.0,3.588192e+17
1981-06-30,20.4055,4.736000000000001,0.09313333333333333,989.9558,,,0.0,656.8,0.0,0.0,3.614544e+17
1981-07-31,23.936612903225804,5.138225806451612,0.0,991.0,,,0.0,656.8,0.0,0.0,3.640896e+17
1981-08-31,25.83435483870968,7.215,0.0,991.0,,,0.0,656.8,0.0,0.0,3.66768e+17
1981-09-30,20.7755,4.9025,0.9990666666666667,997.5362666666666,,,0.16933333333333334,657.816,0.16933333333333334,0.0,3.694032e+17
1981-10-31,10.397,-1.8798387096774194,6.104193548387096,69.98929032258064,,,2.8786666666666667,26.833870967741937,5.777345454545455,0.7683500000000001,3.720384e+17
1981-11-30,5.587000000000001,-3.515,18.8976,427.26573333333334,,,5.503333333333334,136.946,23.765933333333333,5.934075,3.746736e+17
1981-12-31,3.294193548387097,-4.726451612903226,16.387096774193548,938.0032903225806,,,8.587619047619048,274.42096774193544,66.97648695652174,18.734616666666668,3.773088e+17
1982-01-31,-0.41111111111111115,-9.84611111111111,9.62741935483871,1460.2182580645162,,,17.096153846153847,688.0212903225806,243.05952727272725,60.459619999999994,3.799872e+17
1982-02-28,3.479423076923077,-7.59923076923077,8.427357142857144,1683.1057142857142,,,1.3854545454545455,856.7257142857143,210.74513684210527,70.67665454545455,3.82536e+17
1982-03-31,1.6470967741935485,-7.215,15.158064516129032,1996.0886451612903,,,17.825357142857143,1044.4606451612904,243.44906086956524,80.32496,3.850848e+17
1982-04-30,5.92,-5.2355,9.9822,2505.0158,,,6.576785714285714,1533.6596666666667,347.059504,123.53148888888889,3.8772e+17
1982-05-31,12.6355,-2.1662903225806454,0.44026666666666664,2577.8322580645163,,,0.33866666666666667,1564.310322580645,159.74728421052632,66.17502105263158,3.903552e+17
1982-06-30,15.619285714285713,0.9866666666666667,1.8918620689655172,2596.451666666667,,,0.127,1570.6019999999999,1.8288000000000002,0.6507655172413793,3.929904e+17
1982-07-31,21.415344827586207,5.173392857142857,0.09832258064516129,2639.0,,,0.0,1571.1,0.0,0.0,3.956256e+17
1982-08-31,22.09258064516129,5.908064516129032,0.17206451612903226,2642.2200645161292,,,0.0,1571.1,0.0,0.0,3.98304e+17
1982-09-30,15.5585,2.4605,6.9088,2714.8998666666666,,,0.4233333333333333,1574.2326666666665,0.39413793103448275,0.0,4.009392e+17
1982-10-31,10.151129032258064,-1.0741935483870966,8.8646,69.04703225806452,,,0.508,6.227096774193548,,,4.035744e+17
1982-11-30,2.675,-7.1594999999999995,10.7188,354.1972666666667,,,9.017,84.83833333333334,34.888714285714286,3.6039777777777777,4.062096e+17
1982-12-31,0.05370967741935484,-9.130645161290323,8.51309677419355,696.5250967741935,,,9.866923076923078,389.2054838709678,176.08973333333333,40.63769090909091,4.088448e+17
1983-01-31,3.0155000000000003,-8.181774193548387,8.521290322580644,924.1032258064516,,,9.76923076923077,607.9122580645161,241.70639999999997,71.76293749999999,4.115232e+17
1983-02-28,1.0505357142857144,-7.333928571428571,15.578666666666667,1307.107785714286,,,13.090769230769231,946.3321428571428,352.95743636363636,109.16285,4.14072e+17
1983-03-31,0.531875,-5.678076923076923,14.002774193548387,1772.7107096774193,,,11.293928571428571,1309.28,417.297616,156.746575,4.166208e+17
1983-04-30,1.517,-7.5295,6.822965517241379,2026.2487333333333,,,8.89,1507.8333333333333,414.46026666666666,173.42485,4.19256e+17
1983-05-31,9.649838709677418,-3.473225806451613,1.2446,2200.799161290323,,,1.5158064516129033,1698.3906451612904,361.6621333333334,162.8236761904762,4.218912e+17
1983-06-30,13.7455,-1.4763333333333333,0.5757333333333333,2219.5494666666664,,,0.0,1704.3,145.36782857142856,63.58708571428571,4.245264e+17
1983-07-31,19.2585,2.130483870967742,0.29496774193548386,2232.0,,,0.0,1704.3,0.0,0.0,4.271616e+17
1983-08-31,20.57611111111111,5.675322580645162,3.175,2262.5783225806454,,,0.0,1704.3,0.0,0.0,4.2984e+17
1983-09-30,18.23844827586207,3.589,1.9642666666666666,2337.6858666666667,,,0.0,1704.3,0.0,0.0,4.324752e+17
1983-10-31,13.713870967741935,0.6624193548387097,5.219290322580645,37.0278064516129,,,0.0,0.0,0.0,0.0,4.351104e+17
1983-11-30,1.7575,-5.4205000000000005,18.53353333333333,460.20706666666666,,,6.9021739130434785,65.405,36.626799999999996,7.563555555555556,4.377456e+17
1983-12-31,-0.3043548387096774,-6.087096774193548,16.837741935483873,970.092064516129,,,12.47913043478261,328.16161290322583,169.26814,55.4228,4.403808e+17
1984-01-31,3.996,-7.823709677419354,0.8193548387096774,1252.97,,,1.27,465.46451612903223,186.928125,71.85025,4.430592e+17
1984-02-29,2.2774137931034484,-9.435,7.09448275862069,1370.4084827586207,,,7.667037037037037,582.273103448276,228.24439999999998,81.1149,4.456512e+17
1984-03-31,4.977096774193548,-6.21241935483871,4.703096774193548,1541.439548387097,,,3.621851851851852,735.8116129032258,228.71527692307694,89.92489,4.482432e+17
1984-04-30,4.773,-6.8265,4.055533333333334,1688.8650666666665,,,3.9914285714285715,851.4526666666667,191.37841666666668,80.391,4.508784e+17
1984-05-31,13.409516129032259,-1.1279032258064516,1.556774193548387,1776.6399354838709,,,0.9313333333333333,919.9735483870968,55.44608333333333,19.120555555555555,4.535136e+17
1984-06-30,16.983,2.0349999999999997,1.5748,1824.1752666666666,,,0.08758620689655172,929.1166666666667,0.08466666666666667,0.0,4.561488e+17
1984-07-31,23.8291935483871,6.8748387096774195,0.5243870967741936,1837.9403225806452,,,0.0,929.5,0.0,0.0,4.58784e+17
1984-08-31,22.916129032258063,4.833870967741936,0.21303225806451614,1848.426064516129,,,0.0,929.5,0.0,0.0,4.614624e+17
1984-09-30,20.201999999999998,3.367,0.8043333333333335,1861.1129333333333,,,0.042333333333333334,929.5423333333333,0.042333333333333334,0.0,4.640976e+17
1984-10-31,9.058392857142858,-2.2001785714285718,4.260645161290322,61.85387096774193,,,1.556774193548387,23.515483870967742,4.675909090909091,0.0,4.667328e+17
1984-11-30,2.0164999999999997,-6.179,14.164733333333334,348.88213333333334,,,10.023928571428572,171.15133333333333,82.27483333333333,19.7866,4.69368e+17
1984-12-31,0.787741935483871,-10.222741935483871,2.2684827586206895,596.8288387096774,,,3.941379310344828,399.99806451612903,147.16125,39.64516666666667,4.720032e+17
1985-01-31,3.3837096774193554,-8.915806451612903,1.3437419354838709,642.1237419354838,,,2.1980769230769233,464.971935483871,129.54000000000002,41.386125,4.746816e+17
1985-02-28,4.182321428571429,-9.355714285714285,4.762500000000001,769.7942857142858,,,5.362222222222222,616.2060714285715,167.2365882352941,53.3511125,4.772304e+17
1985-03-31,2.8466129032258065,-9.09483870967742,8.078838709677418,926.2652903225807,,,11.980333333333332,840.5112903225807,189.11454545454546,61.77844444444444,4.797792e+17
1985-04-30,11.026,-3.219,1.0583333333333333,1060.4544666666668,,,0.7444827586206897,1013.2090000000001,104.7115,40.2336,4.824144e+17
1985-05-31,12.568064516129033,-2.291612903225807,0.1638709677419355,1080.8930967741935,,,0.042333333333333334,1026.4229032258063,1.564967741935484,0.3415862068965517,4.850496e+17
1985-06-30,21.552500000000002,4.0885,0.4402666666666667,1097.8213333333333,,,0.254,1034.966,0.254,0.0,4.876848e+17
1985-07-31,23.256290322580647,5.800645161290323,0.254,1100.302387096774,,,0.0,1035.2,0.0,0.0,4.9032e+17
1985-08-31,22.629677419354838,4.977096774193548,0.4178709677419355,1108.5973548387099,,,0.0,1035.2,0.0,0.0,4.929984e+17
1985-09-30,14.3375,1.1099999999999999,2.750206896551725,1177.5573333333334,,,0.381,1042.8200000000002,0.4233333333333333,0.0,4.956336e+17
1985-10-31,12.406935483870969,-1.3248387096774195,1.737032258064516,29.14445161290323,,,1.0510344827586207,11.880645161290323,2.7939999999999996,0.0,4.982688e+17
1985-11-30,4.1995,-6.1419999999999995,9.135533333333333,154.1522,,,10.583333333333334,126.55433333333333,53.76756666666666,6.937022222222222,5.00904e+17
1985-12-31,8.171896551724139,-4.554827586206897,6.227096774193548,444.76464516129033,,,2.8363333333333336,377.3009677419355,135.32223529411766,46.41426666666667,5.035392e+17
1986-01-31,6.230322580645161,-3.974516129032258,7.382387096774193,631.2118064516129,,,2.54,428.97129032258067,126.746,52.25344444444445,5.062176e+17
1986-02-28,3.6768750000000003,-5.806153846153847,27.350357142857142,1135.2086428571429,,,12.794074074074073,674.8635714285714,253.48045454545453,89.46661538461538,5.087664e+17
1986-03-31,8.0105,-3.974516129032258,9.357032258064516,1730.474322580645,,,5.0376666666666665,926.2396774193548,263.95412631578944,112.8760125,5.113152e+17
1986-04-30,8.065999999999999,-4.680499999999999,2.286,1858.0708666666667,,,2.01448275862069,1019.7376666666667,180.86493333333334,86.62554545454545,5.139504e+17
1986-05-31,13.32,-1.9514516129032258,1.8681290322580646,1922.4574193548387,,,0.963448275862069,1058.8022580645163,51.13528,23.45266666666667,5.165856e+17
1986-06-30,21.293499999999998,3.7555,0.016933333333333335,1933.3386666666668,,,0.0,1062.9,0.0,0.0,5.192208e+17
1986-07-31,22.003064516129033,5.138225806451612,0.23761290322580644,1935.9172903225806,,,0.0,1062.9,0.0,0.0,5.21856e+17
1986-08-31,26.281935483870967,6.892741935483871,0.024580645161290323,1941.3932903225805,,,0.0,1062.9,0.0,0.0,5.245344e+17
1986-09-30,14.1895,0.8879999999999999,5.461,1985.3239333333333,,,2.630714285714286,1078.3516666666667,4.8532142857142855,0.0,5.271696e+17
1986-10-31,13.069354838709677,-0.7698387096774194,0.4656666666666667,6.129161290322581,,,0.27214285714285713,3.4412903225806453,1.5567741935483872,0.0,5.298048e+17
1986-11-30,8.917,-3.33,0.8974666666666666,20.290733333333332,,,0.4379310344827586,8.785333333333334,0.762,0.0,5.3244e+17
1986-12-31,5.335161290322581,-6.731612903225806,2.0975483870967744,72.5287741935484,,,1.9957142857142858,45.208387096774196,14.027727272727274,1.524,5.350752e+17
1987-01-31,3.097258064516129,-8.45032258064516,7.4252666666666665,245.95387096774192,,,6.5616666666666665,196.79806451612902,87.02886666666667,21.420666666666666,5.377536e+17
1987-02-28,3.3101785714285716,-8.206071428571429,7.629071428571429,457.524,,,5.861538461538462,360.5032142857143,119.38,37.41601428571429,5.403024e+17
1987-03-31,4.457903225806452,-6.438000000000001,7.292258064516129,684.4042580645161,,,5.861538461538462,508.6235483870968,140.94541935483872,50.23555555555556,5.428512e+17
1987-04-30,12.6355,-2.8305000000000002,1.4393333333333334,782.3942666666667,,,0.4989285714285714,586.1126666666667,63.79633333333334,27.28546153846154,5.454864e+17
1987-05-31,13.928709677419356,-0.44758064516129037,1.4986,836.7047096774194,,,0.16933333333333334,593.1290322580645,0.0,0.0,5.481216e+17
1987-06-30,20.757,3.774,0.4817241379310345,866.0339333333334,,,0.0,597.0,0.0,0.0,5.507568e+17
1987-07-31,20.714032258064517,2.9719354838709675,0.1884516129032258,873.6710967741935,,,0.0,597.0,0.0,0.0,5.53392e+17
1987-08-31,24.975,6.785322580645161,0.0,877.0,,,0.0,597.0,0.0,0.0,5.560704e+17
1987-09-30,23.199,4.4399999999999995,0.0,877.0,,100.0,0.0,597.0,0.0,0.0,5.587056e+17
1987-10-31,18.18967741935484,2.5601612903225806,1.4830322580645163,15.403870967741934,15.0,97.0,0.0,0.0,0.0,0.0,5.613408e+17
1987-11-30,8.047500000000001,-2.1645,2.929466666666667,92.37566666666666,77.77777777777777,55.55555555555556,1.3188461538461538,14.139333333333333,1.905,0.0,5.63976e+17
1987-12-31,0.4833870967741935,-6.964354838709678,8.957733333333334,320.33096774193547,81.76470588235294,72.85714285714286,7.751379310344827,133.85064516129032,65.93609090909091,18.680545454545452,5.666112e+17
1988-01-31,2.685483870967742,-7.1254838709677415,8.5344,568.8456129032259,93.52941176470588,36.666666666666664,8.149166666666668,386.018064516129,157.06557894736844,45.901428571428575,5.692896e+17
1988-02-29,8.573793103448276,-5.798793103448276,0.5167586206896552,660.8495862068966,76.66666666666667,56.666666666666664,0.27214285714285713,461.1875862068966,131.1148,45.23316666666667,5.718816e+17
1988-03-31,8.611451612903226,-4.278870967741936,1.1006666666666665,702.9329032258065,100.0,100.0,0.9978571428571429,490.0422580645161,69.43034782608696,28.003500000000003,5.744736e+17
1988-04-30,10.5265,-1.147,4.199466666666667,757.6222,70.625,89.16666666666667,2.583793103448276,516.308,7.249583333333334,0.0,5.771088e+17
1988-05-31,16.596290322580646,1.8977419354838712,2.1221290322580644,852.8365806451613,83.33333333333333,80.0,0.5503333333333332,571.4451612903225,0.508,0.0,5.79744e+17
1988-06-30,22.391379310344828,7.176724137931035,1.3050344827586209,926.6982,97.5,85.0,0.5926666666666667,596.0663333333334,0.6773333333333333,0.0,5.823792e+17
1988-07-31,28.53774193548387,9.793064516129032,0.327741935483871,938.9336774193548,,100.0,0.0,599.6,0.0,0.0,5.850144e+17
1988-08-31,24.563225806451616,6.409354838709677,0.03503448275862069,947.8849032258065,,100.0,0.0,599.6,0.0,0.0,5.876928e+17
1988-09-30,21.5155,3.626,0.13546666666666668,949.5578666666667,,,0.0,599.6,0.0,0.0,5.90328e+17
1988-10-31,19.747258064516128,1.8798387096774194,0.13546666666666668,2.621935483870968,100.0,,0.0,0.0,0.0,0.0,5.929632e+17
1988-11-30,3.589,-4.1625,15.062199999999999,210.20753333333332,86.5,64.16666666666667,7.229230769230769,75.01466666666667,38.12721428571428,8.781142857142857,5.955984e+17
1988-12-31,2.7929032258064517,-8.038548387096775,6.841612903225806,515.4441935483871,100.0,,8.043333333333333,242.81483870967742,93.05192307692307,26.826307692307694,5.982336e+17
1989-01-31,3.652258064516129,-9.363387096774193,3.0725806451612905,742.2499354838709,100.0,,3.715925925925926,482.21935483870965,161.76171428571428,48.728923076923074,6.00912e+17
1989-02-28,1.5262499999999999,-9.117857142857144,7.7216,902.1713571428571,91.17647058823529,62.5,9.895416666666668,710.3728571428571,190.83564285714286,60.68785714285714,6.034608e+17
1989-03-31,5.2098387096774195,-3.5806451612903225,18.82058064516129,1303.7173548387095,76.88888888888889,70.46153846153847,10.075333333333333,912.3496774193549,204.19906666666665,75.49444444444445,6.060096e+17
1989-04-30,12.728,-1.6649999999999998,3.6873793103448276,1588.4029333333335,80.0,50.0,3.220357142857143,1075.145,149.78742857142856,60.82323076923077,6.086448e+17
1989-05-31,13.731774193548388,-0.1253225806451613,1.6141290322580644,1666.8034193548388,85.0,74.28571428571429,0.6349999999999999,1140.8258064516128,25.12141935483871,7.7978,6.1128e+17
1989-06-30,20.757,5.2725,0.9984827586206898,1722.0096,,100.0,0.0,1153.3,0.0,0.0,6.139152e+17
1989-07-31,26.210322580645162,7.179193548387097,0.0,1725.0,,,0.0,1153.3,0.0,0.0,6.165504e+17
1989-08-31,22.81903846153846,5.9052,1.7042580645161292,1762.6165806451613,,100.0,0.0,1153.3,0.0,0.0,6.192288e+17
1989-09-30,19.813499999999998,4.3475,4.233333333333333,1835.9458666666665,80.0,86.66666666666667,0.08758620689655172,1154.4006666666667,0.19538461538461538,0.0,6.21864e+17
1989-10-31,12.800806451612903,-0.10741935483870968,5.743677419354839,62.89367741935484,78.0,82.0,2.1303225806451613,18.476451612903226,7.401034482758621,0.0,6.244992e+17
1989-11-30,9.416500000000001,-3.552,5.367866666666667,211.0454,100.0,,4.656666666666666,92.88166666666666,23.114,2.431142857142857,6.271344e+17
1989-12-31,8.325,-5.567903225806451,0.0,339.0,100.0,,0.0,205.7,51.181000000000004,12.488333333333335,6.297696e+17
1990-01-31,3.867096774193548,-7.6446774193548395,7.103533333333333,451.00812903225807,95.0,53.333333333333336,6.168571428571428,290.13451612903225,78.30311999999999,18.796,6.32448e+17
1990-02-28,3.6273214285714284,-10.089107142857143,7.805615384615384,672.8774285714286,92.6923076923077,95.0,10.843846153846155,545.7271428571429,158.71092307692308,41.338499999999996,6.349968e+17
1990-03-31,8.002741935483872,-4.3146774193548385,3.302,833.1009032258065,98.88888888888889,5.0,2.8363333333333336,723.2035483870968,130.5832142857143,45.9105,6.375456e+17
1990-04-30,11.1,-0.925,2.6331333333333333,881.4828,41.0,92.5,0.5644444444444444,748.929,24.3078,2.397125,6.401808e+17
1990-05-31,12.460645161290323,0.6087096774193549,5.063612903225807,966.9950322580646,85.0,75.41666666666667,1.3519354838709676,769.3851612903227,1.2700000000000002,0.0,6.42816e+17
1990-06-30,19.924500000000002,3.774,0.0,1090.0,100.0,100.0,0.0,802.6,0.29633333333333334,0.0,6.454512e+17
1990-07-31,25.18983870967742,8.271290322580645,0.32657142857142857,1097.2598709677418,,100.0,0.0,802.6,0.0,0.0,6.480864e+17
1990-08-31,23.811290322580643,7.4477419354838705,0.23648275862068968,1103.7112903225805,,100.0,0.0,802.6,0.0,0.0,6.507648e+17
1990-09-30,21.386000000000003,5.328,0.9219259259259259,1111.3678666666667,,100.0,0.0,802.6,0.0,0.0,6.534e+17
1990-10-31,16.903225806451612,1.903225806451613,1.1935483870967742,7.032258064516129,60.0,60.0,0.1774193548387097,0.7580645161290323,0.05,0.0,6.560352e+17
1990-11-30,8.6,-3.9,1.3703703703703705,47.86666666666667,97.5,71.66666666666667,1.1607142857142858,14.466666666666667,3.0892857142857144,0.0,6.586704e+17
1990-12-31,0.4838709677419355,-11.290322580645162,2.5806451612903225,115.12903225806451,98.75,10.0,3.293103448275862,86.48387096774194,25.95,5.333333333333333,6.613056e+17
1991-01-31,4.580645161290323,-7.387096774193548,0.8666666666666667,175.0,87.5,75.0,0.7166666666666667,150.7741935483871,39.315,9.82,6.63984e+17
1991-02-28,7.142857142857143,-4.642857142857143,3.142857142857143,239.71428571428572,98.57142857142857,10.0,2.107142857142857,201.08928571428572,39.31739130434782,13.133333333333333,6.665328e+17
1991-03-31,0.5161290322580645,-8.161290322580646,20.129032258064516,699.6129032258065,93.63636363636364,70.0,17.637931034482758,509.14516129032256,141.65357142857144,36.15,6.690816e+17
1991-04-30,5.566666666666666,-5.866666666666666,2.6551724137931036,928.4,76.92307692307692,60.0,1.72,741.0833333333334,106.91739130434782,37.74545454545454,6.717168e+17
1991-05-31,7.645161290322581,-3.967741935483871,4.32258064516129,1042.258064516129,86.25,52.142857142857146,2.740740740740741,816.5322580645161,28.708695652173912,8.19375,6.74352e+17
1991-06-30,17.333333333333332,2.033333333333333,1.2333333333333334,1106.9,,100.0,0.0,842.0,0.0,0.0,6.769872e+17
1991-07-31,25.741935483870968,8.67741935483871,0.6666666666666666,1147.741935483871,,100.0,0.0,842.0,0.0,0.0,6.796224e+17
1991-08-31,26.724137931034484,10.2,0.25806451612903225,1164.5806451612902,,100.0,0.0,842.0,0.0,0.0,6.823008e+17
1991-09-30,24.566666666666666,5.833333333333333,0.4827586206896552,1175.8666666666666,,100.0,0.0,842.0,0.0,0.0,6.84936e+17
1991-10-31,17.0,1.8709677419354838,4.366666666666666,26.806451612903224,74.28571428571429,56.0,0.8333333333333334,4.596774193548387,2.096774193548387,0.0,6.875712e+17
1991-11-30,9.2,-2.3,4.793103448275862,192.1,83.125,89.16666666666667,2.5,57.733333333333334,15.903846153846153,0.0,6.902064e+17
1991-12-31,6.290322580645161,-5.870967741935484,3.3870967741935485,314.51612903225805,100.0,,3.25,140.3709677419355,47.75,14.025,6.928416e+17
1992-01-31,5.838709677419355,-6.870967741935484,1.6333333333333333,412.9032258064516,100.0,,1.4166666666666667,228.91935483870967,75.01785714285714,19.475,6.9552e+17
1992-02-29,4.241379310344827,-3.5517241379310347,12.344827586206897,617.6551724137931,84.52631578947368,65.66666666666667,9.821428571428571,400.3103448275862,123.65384615384616,33.4,6.98112e+17
1992-03-31,7.548387096774194,-4.290322580645161,3.7586206896551726,853.7741935483871,74.66666666666667,75.55555555555556,3.28,571.0967741935484,119.8076923076923,45.625,7.00704e+17
1992-04-30,12.266666666666667,-1.6,1.6428571428571428,917.6333333333333,65.0,94.0,0.1724137931034483,600.0,31.75,8.157142857142857,7.033392e+17
1992-05-31,20.806451612903224,3.7096774193548385,0.52,945.5806451612904,,100.0,0.0,602.0,0.0,0.0,7.059744e+17
1992-06-30,19.633333333333333,4.1,2.24,962.0,82.5,89.16666666666667,0.07407407407407407,603.0666666666667,0.06666666666666667,0.0,7.086096e+17
1992-07-31,23.161290322580644,6.419354838709677,0.7586206896551724,1020.2258064516129,,100.0,0.0,604.0,0.0,0.0,7.112448e+17
1992-08-31,26.096774193548388,8.129032258064516,1.3666666666666667,1043.2903225806451,,100.0,0.0,604.0,0.0,0.0,7.139232e+17
1992-09-30,23.166666666666668,4.6,0.034482758620689655,1069.4666666666667,,100.0,0.0,604.0,0.0,0.0,7.165584e+17
1992-10-31,16.741935483870968,2.129032258064516,5.892857142857143,20.967741935483872,43.333333333333336,85.55555555555556,1.45,3.903225806451613,1.3166666666666667,0.0,7.191936e+17
1992-11-30,9.033333333333333,-2.8333333333333335,1.4137931034482758,184.43333333333334,42.0,84.28571428571429,0.3458333333333334,45.580000000000005,7.627777777777778,0.0,7.218288e+17
1992-12-31,2.774193548387097,-6.32258064516129,17.096774193548388,483.741935483871,92.3529411764706,65.0,16.492,262.6645161290323,108.92727272727274,21.73076923076923,7.24464e+17
1993-01-31,4.096774193548387,-6.354838709677419,16.1,1031.8064516129032,91.25,35.0,12.576923076923077,685.3290322580646,279.11785714285713,89.33999999999999,7.271424e+17
1993-02-28,4.75,-4.535714285714286,12.88888888888889,1354.642857142857,95.33333333333333,56.666666666666664,15.204761904761906,891.0416666666666,321.1380952380952,120.71428571428571,7.296912e+17
1993-03-31,9.419354838709678,-0.7419354838709677,7.806451612903226,1653.3548387096773,65.83333333333333,71.0,3.420689655172414,1141.9354838709678,316.36551724137934,135.3,7.3224e+17
1993-04-30,8.633333333333333,-2.9,3.892857142857143,1880.1333333333334,95.55555555555556,46.666666666666664,1.8115384615384615,1238.7241379310344,254.72857142857143,121.83846153846154,7.348752e+17
1993-05-31,12.96774193548387,0.6451612903225806,3.933333333333333,1960.8709677419354,62.5,96.42857142857143,0.16666666666666666,1260.7645161290325,126.95217391304348,68.95,7.375104e+17
1993-06-30,18.933333333333334,3.066666666666667,2.3448275862068964,2095.4666666666667,31.666666666666668,86.42857142857143,0.3392857142857143,1268.8,0.7285714285714285,0.0,7.401456e+17
1993-07-31,24.129032258064516,5.354838709677419,0.0,2104.0,,100.0,0.0,1270.7,0.0,0.0,7.427808e+17
1993-08-31,24.838709677419356,6.387096774193548,0.12903225806451613,2106.1612903225805,,100.0,0.0,1270.7,0.0,0.0,7.454592e+17
1993-09-30,23.566666666666666,4.5,0.06666666666666667,2108.9333333333334,,100.0,0.0,1270.7,0.0,0.0,7.480944e+17
1993-10-31,15.774193548387096,2.3548387096774195,3.2,66.74193548387096,1.0,99.8,0.0,0.0,0.0,0.0,7.507296e+17
1993-11-30,9.066666666666666,-4.166666666666667,3.8214285714285716,118.26666666666667,90.0,30.0,2.625,14.216666666666667,5.5625,0.38125,7.533648e+17
1993-12-31,4.129032258064516,-6.580645161290323,5.896551724137931,319.7096774193548,85.15384615384616,96.5,5.160714285714286,165.75806451612902,75.0,18.337500000000002,7.56e+17
1994-01-31,6.774193548387097,-5.451612903225806,2.903225806451613,417.7096774193548,95.625,35.0,2.283333333333333,243.0,89.8,27.05,7.586784e+17
1994-02-28,4.321428571428571,-7.321428571428571,11.185185185185185,600.5,95.0,70.0,9.851851851851851,407.55357142857144,166.86666666666667,46.3,7.612272e+17
1994-03-31,10.03225806451613,-2.7419354838709675,2.0344827586206895,807.5806451612904,99.375,52.5,1.096774193548387,570.6451612903226,139.5681818181818,54.45384615384615,7.63776e+17
1994-04-30,10.766666666666667,-2.1,2.566666666666667,863.9666666666667,73.88888888888889,47.0,1.5192307692307692,601.0833333333334,47.0,26.2,7.664112e+17
1994-05-31,15.35483870967742,1.2258064516129032,2.2413793103448274,945.5483870967741,66.0,89.16666666666667,0.1935483870967742,630.6129032258065,0.017241379310344827,0.0,7.690464e+17
1994-06-30,22.766666666666666,3.1,0.06666666666666667,968.6666666666666,30.0,70.0,0.0,632.0,0.0,0.0,7.716816e+17
1994-07-31,28.0,7.838709677419355,0.0,969.0,,100.0,0.0,632.0,0.0,0.0,7.743168e+17
1994-08-31,26.695652173913043,5.681818181818182,0.0,969.0,,,0.0,632.0,0.0,0.0,7.769952e+17
1994-09-30,21.333333333333332,3.8,1.4137931034482758,979.9,1.0,99.8,0.0,632.0,0.0,0.0,7.796304e+17
1994-10-31,14.064516129032258,-1.3548387096774193,0.9666666666666667,24.93548387096774,88.0,30.0,0.23333333333333334,5.774193548387097,0.13333333333333333,0.0,7.822656e+17
1994-11-30,1.8333333333333333,-8.366666666666667,11.666666666666666,242.2,92.6470588235294,31.25,7.260000000000001,124.93333333333334,60.0,13.772727272727273,7.849008e+17
1994-12-31,2.935483870967742,-7.419354838709677,8.451612903225806,573.8064516129032,90.1875,52.333333333333336,7.566666666666666,389.2645161290323,184.26923076923077,51.0,7.87536e+17
1995-01-31,1.3548387096774193,-4.580645161290323,22.7,1053.3548387096773,81.33333333333333,54.8,13.403333333333334,700.5,266.57142857142856,103.05,7.902144e+17
1995-02-28,9.892857142857142,-4.357142857142857,2.88,1366.0357142857142,100.0,100.0,1.8719999999999999,879.9857142857143,277.9117647058824,124.79,7.927632e+17
1995-03-31,3.7419354838709675,-5.548387096774194,26.451612903225808,1867.967741935484,83.25,51.333333333333336,15.196428571428571,1113.2548387096774,341.45,150.45833333333334,7.95312e+17
1995-04-30,6.633333333333334,-5.3,9.966666666666667,2334.7,76.0,93.33333333333333,4.276666666666667,1400.87,353.0,186.225,7.979472e+17
1995-05-31,10.612903225806452,-0.9032258064516129,4.533333333333333,2622.6774193548385,57.5,73.21428571428571,1.4387096774193548,1487.1612903225807,301.0,167.53333333333333,8.005824e+17
1995-06-30,15.266666666666667,0.7333333333333333,2.4827586206896552,2687.766666666667,77.14285714285714,72.0,0.6766666666666666,1509.3333333333333,83.16666666666667,41.833333333333336,8.032176e+17
1995-07-31,23.93548387096774,5.161290322580645,0.1724137931034483,2724.2903225806454,,100.0,0.0,1519.4,0.0,0.0,8.058528e+17
1995-08-31,25.322580645161292,6.903225806451613,0.034482758620689655,2726.3870967741937,,100.0,0.0,1519.4,0.0,0.0,8.085312e+17
1995-09-30,22.933333333333334,4.466666666666667,0.0,2727.0,,,0.0,1519.4,0.0,0.0,8.111664e+17
1995-10-31,18.419354838709676,1.5806451612903225,0.0,0.0,,,0.0,0.0,0.0,0.0,8.138016e+17
1995-11-30,13.466666666666667,-0.9,1.0714285714285714,5.933333333333334,100.0,100.0,0.02666666666666667,0.13333333333333333,0.02666666666666667,0.0,8.164368e+17
1995-12-31,4.419354838709677,-3.4516129032258065,13.225806451612904,283.38709677419354,60.857142857142854,91.6,2.603333333333333,42.94516129032259,15.894444444444446,2.48,8.19072e+17
1996-01-31,4.32258064516129,-4.161290322580645,16.166666666666668,603.4193548387096,95.58823529411765,75.0,11.379310344827585,180.28387096774193,112.67857142857143,25.718181818181815,8.217504e+17
1996-02-29,5.206896551724138,-4.620689655172414,13.689655172413794,1131.8620689655172,93.84615384615384,96.66666666666667,8.732142857142858,477.36206896551727,201.94444444444446,57.8,8.243424e+17
1996-03-31,7.935483870967742,-4.580645161290323,7.896551724137931,1465.516129032258,95.66666666666667,26.0,3.755555555555556,721.3838709677419,224.02941176470588,86.39999999999999,8.269344e+17
1996-04-30,10.4,-2.6333333333333333,6.066666666666666,1666.6,100.0,100.0,2.689655172413793,809.75,184.5,82.92999999999999,8.295696e+17
1996-05-31,11.935483870967742,0.03225806451612903,9.321428571428571,1864.1290322580646,50.8,92.28571428571429,0.06451612903225806,833.7677419354839,30.708333333333332,10.636842105263158,8.322048e+17
1996-06-30,22.466666666666665,4.533333333333333,0.6333333333333333,1997.3333333333333,,100.0,0.0,834.8,0.0,0.0,8.3484e+17
1996-07-31,27.838709677419356,9.064516129032258,1.2580645161290323,2036.2903225806451,,100.0,0.0,834.8,0.0,0.0,8.374752e+17
1996-08-31,27.258064516129032,8.258064516129032,0.1935483870967742,2055.8709677419356,,100.0,0.0,834.8,0.0,0.0,8.401536e+17
1996-09-30,21.4,4.266666666666667,1.2333333333333334,2078.5666666666666,25.5,83.0,0.0,834.8,0.0,0.0,8.427888e+17
1996-10-31,14.903225806451612,0.9032258064516129,3.0344827586206895,25.032258064516128,46.42857142857143,82.14285714285714,0.2608695652173913,2.032258064516129,0.1875,0.0,8.45424e+17
1996-11-30,8.633333333333333,-1.5,6.733333333333333,170.63333333333333,33.0,92.77777777777777,,16.133333333333333,12.7,,8.480592e+17
1996-12-31,2.838709677419355,-3.6774193548387095,28.612903225806452,691.3225806451613,67.94736842105263,69.92307692307692,13.772727272727273,181.46,116.03571428571429,36.114285714285714,8.506944e+17
1997-01-31,3.193548387096774,-5.387096774193548,17.677419354838708,1432.774193548387,99.875,67.33333333333333,10.885714285714286,433.84838709677416,199.28125,67.68666666666667,8.533728e+17
1997-02-28,6.392857142857143,-5.607142857142857,2.1923076923076925,1753.7857142857142,92.0,80.0,1.34,643.15,276.775,100.6923076923077,8.559216e+17
1997-03-31,10.67741935483871,-3.6129032258064515,2.566666666666667,1825.5483870967741,93.75,50.0,1.070967741935484,681.8806451612904,251.5625,101.37,8.584704e+17
1997-04-30,9.533333333333333,-2.033333333333333,2.5555555555555554,1887.9666666666667,83.5,99.88888888888889,0.4107142857142857,704.1666666666666,166.53571428571428,70.9,8.611056e+17
1997-05-31,17.741935483870968,1.5806451612903225,1.064516129032258,1939.967741935484,,100.0,0.0,707.2,8.14,3.4959999999999996,8.637408e+17
1997-06-30,18.033333333333335,4.1,2.2333333333333334,2014.2,30.0,96.66666666666667,0.0,707.2,0.0,0.0,8.66376e+17
1997-07-31,24.516129032258064,6.806451612903226,0.13333333333333333,2028.5806451612902,,100.0,0.0,707.2,0.0,0.0,8.690112e+17
1997-08-31,24.806451612903224,6.806451612903226,0.25806451612903225,2035.1290322580646,,100.0,0.0,707.2,0.0,0.0,8.716896e+17
1997-09-30,20.4,4.433333333333334,0.896551724137931,2051.866666666667,55.0,98.0,0.03333333333333333,707.6,0.03333333333333333,0.0,8.743248e+17
1997-10-31,13.419354838709678,-0.4838709677419355,2.6451612903225805,60.29032258064516,57.0,59.666666666666664,1.0833333333333333,23.903225806451612,1.8928571428571428,0.14166666666666666,8.7696e+17
1997-11-30,7.6,-1.6333333333333333,6.206896551724138,140.8,83.33333333333333,68.18181818181819,3.267857142857143,61.68333333333333,7.976190476190476,1.963157894736842,8.795952e+17
1997-12-31,3.5483870967741935,-6.258064516129032,4.448275862068965,358.8709677419355,91.36363636363636,97.5,3.9068965517241376,208.8967741935484,75.09375,18.54375,8.822304e+17
1998-01-31,3.032258064516129,-4.354838709677419,16.433333333333334,699.516129032258,92.1,39.77777777777778,10.213333333333333,431.4258064516129,180.0,49.7764705882353,8.849088e+17
1998-02-28,1.7857142857142858,-5.357142857142857,22.076923076923077,1259.4642857142858,98.95833333333333,8.333333333333334,15.828571428571427,821.4785714285715,325.55357142857144,99.9076923076923,8.874576e+17
1998-03-31,7.064516129032258,-4.67741935483871,8.0,1542.1612903225807,95.66666666666667,60.833333333333336,3.7096774193548385,1031.0451612903225,317.3709677419355,123.42727272727274,8.900064e+17
1998-04-30,8.2,-3.566666666666667,5.068965517241379,1764.2666666666667,97.05882352941177,50.0,5.714285714285714,1206.9033333333334,304.5833333333333,129.20000000000002,8.926416e+17
1998-05-31,7.838709677419355,-1.3870967741935485,6.6,1901.6774193548388,83.52941176470588,77.14285714285714,3.32,1303.867741935484,214.70967741935485,100.02000000000001,8.952768e+17
1998-06-30,16.166666666666668,1.9666666666666666,1.8666666666666667,2023.6333333333334,10.0,98.75,0.0,1345.4,79.8,25.4,8.97912e+17
1998-07-31,26.225806451612904,6.709677419354839,0.2,2037.8064516129032,,100.0,0.0,1345.4,0.0,0.0,9.005472e+17
1998-08-31,27.612903225806452,7.354838709677419,0.3333333333333333,2047.8064516129032,,100.0,0.0,1345.4,0.0,0.0,9.032256e+17
1998-09-30,19.833333333333332,5.8,3.5714285714285716,2110.633333333333,,100.0,0.0,1345.4,0.0,0.0,9.058608e+17
1998-10-31,12.774193548387096,-0.45161290322580644,1.4666666666666666,8.0,67.66666666666667,59.4,0.6709677419354838,4.412903225806452,0.7161290322580645,0.0,9.08496e+17
1998-11-30,4.666666666666667,-4.1,13.03448275862069,170.16666666666666,88.77777777777777,22.444444444444443,5.672413793103448,90.60666666666665,36.916666666666664,8.485714285714286,9.111312e+17
1998-12-31,3.7096774193548385,-8.419354838709678,3.2903225806451615,498.80645161290323,98.75,55.0,3.6,267.4032258064516,114.37096774193549,34.25454545454546,9.137664e+17
1999-01-31,5.032258064516129,-5.451612903225806,12.266666666666667,673.5806451612904,78.21428571428571,50.833333333333336,6.551724137931035,360.56129032258065,146.6290322580645,55.8,9.164448e+17
1999-02-28,2.9642857142857144,-6.964285714285714,18.571428571428573,1159.4642857142858,95.26315789473684,22.5,12.321428571428571,672.9642857142857,311.30357142857144,95.58,9.189936e+17
1999-03-31,5.419354838709677,-6.225806451612903,7.4,1524.0645161290322,98.23529411764706,65.0,5.3999999999999995,908.516129032258,338.9193548387097,133.725,9.215424e+17
1999-04-30,7.366666666666666,-4.366666666666666,5.769230769230769,1705.3333333333333,95.33333333333333,35.0,5.571428571428571,1098.9166666666667,307.21666666666664,134.39,9.241776e+17
1999-05-31,13.03225806451613,-0.6774193548387096,2.3448275862068964,1791.258064516129,100.0,100.0,0.9354838709677419,1162.5645161290322,150.96774193548387,82.95454545454545,9.268128e+17
1999-06-30,20.0,2.8666666666666667,0.7586206896551724,1836.0666666666666,92.5,38.333333333333336,0.5666666666666667,1180.35,2.683333333333333,0.9103448275862068,9.29448e+17
1999-07-31,25.967741935483872,6.903225806451613,0.0967741935483871,1838.8387096774193,,100.0,0.0,1181.5,0.0,0.0,9.320832e+17
1999-08-31,23.580645161290324,6.483870967741935,1.1379310344827587,1861.9354838709678,,100.0,0.0,1181.5,0.0,0.0,9.347616e+17
1999-09-30,24.166666666666668,6.133333333333334,0.24,1876.6,,100.0,0.0,1181.5,0.0,0.0,9.373968e+17
1999-10-31,20.032258064516128,2.3225806451612905,2.3548387096774195,15.548387096774194,,100.0,0.0,0.0,0.0,0.0,9.40032e+17
1999-11-30,9.333333333333334,-2.966666666666667,5.379310344827586,138.03333333333333,96.66666666666667,26.0,2.5517241379310347,32.916666666666664,12.216666666666667,1.8047619047619048,9.426672e+17
1999-12-31,6.161290322580645,-5.774193548387097,1.6896551724137931,267.03225806451616,100.0,,1.706896551724138,113.98387096774194,44.274193548387096,12.059999999999999,9.453024e+17
2000-01-31,2.6129032258064515,-5.258064516129032,15.96774193548387,473.8709677419355,78.77777777777777,58.2,7.951612903225806,214.3709677419355,96.61290322580645,26.333333333333332,9.479808e+17
2000-02-29,3.586206896551724,-4.413793103448276,17.703703703703702,985.2413793103449,85.5909090909091,39.625,13.555555555555555,513.5172413793103,227.86206896551724,73.89999999999999,9.505728e+17
2000-03-31,7.838709677419355,-4.290322580645161,2.586206896551724,1310.8064516129032,92.77777777777777,88.33333333333333,2.7333333333333334,800.4032258064516,265.5483870967742,103.04285714285713,9.531648e+17
2000-04-30,11.4,-1.2666666666666666,3.1379310344827585,1375.9666666666667,57.5,60.0,0.9666666666666667,833.8833333333333,154.01666666666668,67.32857142857144,9.558e+17
2000-05-31,14.387096774193548,0.0967741935483871,3.7241379310344827,1490.5806451612902,69.375,74.16666666666667,0.9193548387096774,864.4516129032259,31.451612903225808,11.735999999999999,9.584352e+17
2000-06-30,23.833333333333332,5.533333333333333,0.4,1534.2,40.0,60.0,0.0,875.5,0.0,0.0,9.610704e+17
2000-07-31,24.774193548387096,5.741935483870968,0.0,1537.0,,100.0,0.0,875.5,0.0,0.0,9.637056e+17
2000-08-31,25.806451612903224,7.129032258064516,0.0,1537.0,,100.0,0.0,875.5,0.0,0.0,9.66384e+17
2000-09-30,20.466666666666665,3.966666666666667,1.6666666666666667,1584.0333333333333,15.0,92.5,0.21666666666666667,881.7833333333333,0.21666666666666667,0.03333333333333333,9.690192e+17
2000-10-31,12.548387096774194,-0.3225806451612903,4.433333333333334,43.12903225806452,93.88888888888889,38.75,3.189655172413793,30.306451612903224,7.0,0.9379310344827586,9.716544e+17
2000-11-30,5.266666666666667,-6.3,1.9285714285714286,149.1,97.5,60.0,1.7307692307692308,108.66666666666667,28.416666666666668,6.338888888888889,9.742896e+17
2000-12-31,6.612903225806452,-5.290322580645161,2.466666666666667,233.29032258064515,84.375,62.5,2.1551724137931036,175.24193548387098,52.79032258064516,13.583333333333334,9.769248e+17
2001-01-31,3.967741935483871,-8.03225806451613,4.814814814814815,329.5483870967742,100.0,,6.321428571428571,282.3225806451613,90.30645161290323,21.96923076923077,9.796032e+17
2001-02-28,2.5357142857142856,-7.964285714285714,11.923076923076923,545.7857142857143,97.8125,35.0,11.018518518518519,528.4107142857143,159.0,44.01666666666667,9.82152e+17
2001-03-31,9.516129032258064,-3.096774193548387,2.966666666666667,768.4516129032259,100.0,100.0,2.4193548387096775,740.2096774193549,164.67741935483872,61.08461538461539,9.847008e+17
2001-04-30,7.933333333333334,-6.033333333333333,5.310344827586207,883.0,100.0,,4.258620689655173,824.9,99.25,35.40769230769231,9.87336e+17
2001-05-31,20.870967741935484,2.5161290322580645,0.6774193548387096,955.516129032258,,100.0,0.0,873.0,3.3225806451612905,1.2741935483870968,9.899712e+17
2001-06-30,22.0,3.3,0.20689655172413793,965.8666666666667,,100.0,0.0,873.0,0.0,0.0,9.926064e+17
2001-07-31,25.451612903225808,6.032258064516129,0.25806451612903225,977.258064516129,,100.0,0.0,873.0,0.0,0.0,9.952416e+17
2001-08-31,28.129032258064516,7.096774193548387,0.0,979.0,,,0.0,873.0,0.0,0.0,9.9792e+17
2001-09-30,24.1,4.8,0.7,983.7666666666667,,100.0,0.0,873.0,0.0,0.0,1.0005552e+18
2001-10-31,18.451612903225808,1.064516129032258,1.6,3.806451612903226,10.0,96.66666666666667,0.06451612903225806,0.06451612903225806,0.03225806451612903,0.0,1.0031904e+18
2001-11-30,6.933333333333334,-4.066666666666666,9.551724137931034,134.8,86.25,52.142857142857146,3.5,26.666666666666668,12.533333333333333,2.18,1.0058256e+18
2001-12-31,1.1612903225806452,-7.032258064516129,13.392857142857142,561.2903225806451,84.28571428571429,66.0,12.035714285714286,322.88709677419354,166.29032258064515,41.1,1.0084608e+18
2002-01-31,1.8064516129032258,-10.064516129032258,6.068965517241379,791.6774193548387,88.33333333333333,68.33333333333333,4.189655172413793,490.5483870967742,178.5,59.6,1.0111392e+18
2002-02-28,7.5,-6.928571428571429,4.7407407407407405,934.8214285714286,85.25,59.0,1.9074074074074074,588.7678571428571,205.92857142857142,71.48333333333333,1.013688e+18
2002-03-31,5.967741935483871,-7.903225806451613,7.838709677419355,1160.3225806451612,91.92307692307692,35.0,7.466666666666667,750.741935483871,242.30645161290323,93.88125,1.0162368e+18
2002-04-30,10.266666666666667,-3.3666666666666667,4.214285714285714,1292.3,72.3076923076923,65.71428571428571,4.037037037037037,879.6166666666667,160.7,67.44375,1.018872e+18
2002-05-31,14.258064516129032,-1.4838709677419355,0.9333333333333333,1377.2903225806451,86.0,56.666666666666664,0.6612903225806451,954.758064516129,38.54838709677419,14.733333333333334,1.0215072e+18
2002-06-30,23.633333333333333,3.3333333333333335,0.03333333333333333,1393.7333333333333,100.0,,0.05,968.1,0.0,0.0,1.0241424e+18
2002-07-31,28.741935483870968,8.064516129032258,0.0,1394.0,,100.0,0.0,968.5,0.0,0.0,1.0267776e+18
2002-08-31,26.64516129032258,5.935483870967742,0.0,1394.0,,,0.0,968.5,0.0,0.0,1.029456e+18
2002-09-30,22.966666666666665,3.966666666666667,0.03333333333333333,1394.8333333333333,,100.0,0.0,968.5,0.0,0.0,1.0320912e+18
2002-10-31,16.612903225806452,-0.9354838709677419,0.034482758620689655,0.9354838709677419,100.0,100.0,0.0,0.0,0.0,0.0,1.0347264e+18
2002-11-30,8.666666666666666,-3.8666666666666667,8.068965517241379,176.73333333333332,62.833333333333336,84.6,2.15,46.53333333333333,21.633333333333333,7.2894736842105265,1.0373616e+18
2002-12-31,1.3870967741935485,-7.612903225806452,16.966666666666665,445.7741935483871,85.83333333333333,63.75,13.1,216.48387096774192,109.87096774193549,24.076470588235296,1.0399968e+18
2003-01-31,6.903225806451613,-4.258064516129032,3.3666666666666667,793.516129032258,81.11111111111111,54.0,1.4333333333333333,483.7741935483871,184.08064516129033,59.809090909090905,1.0426752e+18
2003-02-28,3.7857142857142856,-8.821428571428571,3.5714285714285716,896.1428571428571,90.0,50.0,2.6481481481481484,529.25,160.16071428571428,60.53333333333333,1.045224e+18
2003-03-31,7.0,-5.903225806451613,5.035714285714286,1003.6774193548387,75.46153846153847,77.375,2.9074074074074074,612.0483870967741,164.09677419354838,64.57000000000001,1.0477728e+18
2003-04-30,3.1666666666666665,-6.933333333333334,12.607142857142858,1276.1,97.82608695652173,83.33333333333333,12.56,838.8166666666667,202.58333333333334,73.90588235294118,1.050408e+18
2003-05-31,13.67741935483871,-2.225806451612903,2.7666666666666666,1511.8387096774193,62.142857142857146,66.25,1.5806451612903225,1004.6612903225806,160.69354838709677,66.52941176470588,1.0530432e+18
2003-06-30,23.366666666666667,3.2666666666666666,0.13333333333333333,1523.0666666666666,,100.0,0.0,1013.5,1.65,0.3620689655172414,1.0556784e+18
2003-07-31,28.612903225806452,7.903225806451613,0.10344827586206896,1526.0967741935483,,100.0,0.0,1013.5,0.0,0.0,1.0583136e+18
2003-08-31,24.322580645161292,6.838709677419355,1.8709677419354838,1556.0,,100.0,0.0,1013.5,0.0,0.0,1.060992e+18
2003-09-30,24.333333333333332,5.533333333333333,0.0,1587.0,,100.0,0.0,1013.5,0.0,0.0,1.0636272e+18
2003-10-31,19.096774193548388,1.3225806451612903,0.8387096774193549,0.0,100.0,,0.967741935483871,0.967741935483871,0.967741935483871,0.08387096774193549,1.0662624e+18
2003-11-30,4.066666666666666,-6.766666666666667,3.0344827586206895,87.16666666666667,92.08333333333333,97.5,2.4,84.71666666666667,28.95,5.6625,1.0688976e+18
2003-12-31,1.096774193548387,-7.225806451612903,17.0,365.83870967741933,85.9,47.0,10.564516129032258,239.70967741935485,97.35714285714286,24.16923076923077,1.0715328e+18
2004-01-31,3.2580645161290325,-8.709677419354838,5.838709677419355,766.0645161290323,99.16666666666667,55.0,4.935483870967742,550.4677419354839,213.11290322580646,68.55,1.0742112e+18
2004-02-29,1.7586206896551724,-8.931034482758621,10.172413793103448,926.4827586206897,93.57142857142857,45.0,9.482758620689655,704.5172413793103,239.8793103448276,79.25333333333333,1.0768032e+18
2004-03-31,11.612903225806452,-3.2903225806451615,1.1935483870967742,1114.483870967742,100.0,,1.2419354838709677,874.8548387096774,219.06451612903226,81.39090909090909,1.0793952e+18
2004-04-30,10.466666666666667,-3.033333333333333,1.8666666666666667,1158.9666666666667,83.57142857142857,38.333333333333336,1.35,912.05,100.78333333333333,40.68571428571429,1.0820304e+18
2004-05-31,15.193548387096774,-0.4838709677419355,1.4516129032258065,1213.1935483870968,80.0,68.0,0.3064516129032258,942.983870967742,2.4516129032258065,0.28620689655172415,1.0846656e+18
2004-06-30,22.7,3.8333333333333335,0.25,1241.7666666666667,98.0,80.4,0.06666666666666667,947.4666666666667,0.0,0.0,1.0873008e+18
2004-07-31,26.870967741935484,6.838709677419355,0.06451612903225806,1247.0,,100.0,0.0,948.0,0.0,0.0,1.089936e+18
2004-08-31,26.322580645161292,6.967741935483871,0.0,1247.0,,100.0,0.0,948.0,0.0,0.0,1.0926144e+18
2004-09-30,22.166666666666668,3.3,0.39285714285714285,1251.1666666666667,80.0,65.0,0.20689655172413793,950.2666666666667,0.23333333333333334,0.0,1.0952496e+18
2004-10-31,12.064516129032258,-1.3548387096774193,8.037037037037036,81.93548387096774,84.54545454545455,78.33333333333333,4.344827586206897,40.54838709677419,20.225806451612904,2.176,1.0978848e+18
2004-11-30,5.3,-6.266666666666667,3.6153846153846154,253.83333333333334,82.14285714285714,81.25,2.482142857142857,156.5,36.0,9.263636363636364,1.10052e+18
2004-12-31,3.6774193548387095,-7.387096774193548,10.064516129032258,435.19354838709677,88.75,95.0,9.709677419354838,291.2903225806452,89.38709677419355,21.853846153846156,1.1031552e+18
2005-01-31,2.4516129032258065,-8.258064516129032,9.793103448275861,815.4193548387096,95.29411764705883,80.0,8.362068965517242,665.0967741935484,236.0,66.29230769230769,1.1058336e+18
2005-02-28,3.75,-6.75,4.208333333333333,941.0714285714286,97.22222222222223,50.0,3.3461538461538463,767.1785714285714,210.55357142857142,70.33636363636364,1.1083824e+18
2005-03-31,5.806451612903226,-6.612903225806452,10.419354838709678,1114.774193548387,100.0,,8.283333333333333,909.5,228.29032258064515,87.04666666666667,1.1109312e+18
2005-04-30,7.066666666666666,-6.033333333333333,3.5172413793103448,1397.9666666666667,84.54545454545455,78.33333333333333,3.3666666666666667,1149.7666666666667,238.6,95.67142857142858,1.1135664e+18
2005-05-31,11.129032258064516,-1.903225806451613,8.10344827586207,1569.8709677419354,50.0,95.45454545454545,1.0,1195.5483870967741,130.40322580645162,58.647619047619045,1.1162016e+18
2005-06-30,16.833333333333332,0.6,2.7586206896551726,1722.5333333333333,65.0,62.5,0.36666666666666664,1213.1666666666667,1.4166666666666667,0.48518518518518516,1.1188368e+18
2005-07-31,27.161290322580644,8.483870967741936,0.0,1748.0,,,0.0,1216.5,0.0,0.0,1.121472e+18
2005-08-31,26.70967741935484,6.451612903225806,0.06666666666666667,1749.0967741935483,,100.0,0.0,1216.5,0.0,0.0,1.1241504e+18
2005-09-30,20.0,1.3333333333333333,0.4666666666666667,1752.7666666666667,,100.0,0.0,1216.5,0.0,0.0,1.1267856e+18
2005-10-31,14.709677419354838,-0.06451612903225806,1.9666666666666666,14.838709677419354,93.33333333333333,88.57142857142857,0.26666666666666666,4.193548387096774,0.25,0.030000000000000002,1.1294208e+18
2005-11-30,8.733333333333333,-3.2,6.0344827586206895,122.63333333333334,47.714285714285715,66.6,1.4655172413793103,21.283333333333335,2.8833333333333333,0.42857142857142855,1.132056e+18
2005-12-31,3.225806451612903,-5.580645161290323,22.838709677419356,490.03225806451616,65.83333333333333,81.0,3.9193548387096775,85.7258064516129,41.6,9.906666666666666,1.1346912e+18
2006-01-31,1.8387096774193548,-6.419354838709677,9.433333333333334,1092.0645161290322,97.3529411764706,36.25,6.758064516129032,285.19354838709677,138.8548387096774,40.84166666666667,1.1373696e+18
2006-02-28,5.607142857142857,-7.25,9.625,1287.2857142857142,73.63636363636364,65.0,1.88,399.42857142857144,154.07142857142858,53.25454545454545,1.1399184e+18
2006-03-31,0.5806451612903226,-8.96774193548387,14.9,1692.7096774193549,100.0,,14.344827586206897,665.8709677419355,258.8709677419355,84.44166666666666,1.1424672e+18
2006-04-30,7.266666666666667,-2.8666666666666667,11.862068965517242,2131.6,79.70588235294117,71.66666666666667,8.089285714285714,995.6,298.68333333333334,116.2,1.1451024e+18
2006-05-31,14.03225806451613,-0.5806451612903226,1.3333333333333333,2258.3225806451615,100.0,100.0,0.3225806451612903,1072.6129032258063,135.59677419354838,64.16923076923078,1.1477376e+18
2006-06-30,22.9,4.666666666666667,0.5333333333333333,2291.1666666666665,,100.0,0.0,1081.0,1.2333333333333334,0.52,1.1503728e+18
2006-07-31,27.096774193548388,8.35483870967742,0.1,2304.0,,100.0,0.0,1081.0,0.0,0.0,1.153008e+18
2006-08-31,25.419354838709676,5.903225806451613,0.0,2303.0,,100.0,0.0,1081.0,0.0,0.0,1.1556864e+18
2006-09-30,23.1,4.366666666666666,0.1,2307.633333333333,60.0,70.0,0.016666666666666666,1081.25,0.0,0.0,1.1583216e+18
2006-10-31,14.870967741935484,0.41935483870967744,1.0689655172413792,26.387096774193548,50.0,83.33333333333333,0.14516129032258066,3.3225806451612905,0.14516129032258066,0.0,1.1609568e+18
2006-11-30,7.2,-2.8333333333333335,6.785714285714286,138.3,86.33333333333333,89.0,2.1551724137931036,24.966666666666665,8.2,1.056521739130435,1.163592e+18
2006-12-31,5.774193548387097,-5.225806451612903,6.903225806451613,320.5806451612903,96.0,56.666666666666664,4.306451612903226,120.96774193548387,55.983870967741936,11.1,1.1662272e+18
2007-01-31,5.838709677419355,-7.612903225806452,1.7586206896551724,481.2258064516129,97.0,15.0,0.85,223.24193548387098,86.54838709677419,27.233333333333334,1.1689056e+18
2007-02-28,5.892857142857143,-4.642857142857143,14.518518518518519,651.5,92.66666666666667,22.0,11.365384615384615,312.0892857142857,122.375,38.97272727272727,1.1714544e+18
2007-03-31,11.483870967741936,-2.870967741935484,1.6333333333333333,893.1290322580645,100.0,,1.875,540.1774193548387,153.83870967741936,58.475,1.1740032e+18
2007-04-30,11.533333333333333,-2.2666666666666666,3.1666666666666665,969.2,75.0,93.75,2.5892857142857144,605.8166666666667,73.03333333333333,27.577777777777776,1.1766384e+18
2007-05-31,17.032258064516128,1.5806451612903225,1.9310344827586208,1072.4516129032259,98.33333333333333,76.25,1.2580645161290323,683.0,5.209677419354839,0.8464285714285714,1.1792736e+18
2007-06-30,20.8,4.8,0.4666666666666667,1089.9,51.0,98.0,0.1,688.0,0.1,0.0,1.1819088e+18
2007-07-31,25.741935483870968,9.0,0.0,1092.0,,100.0,0.0,688.5,0.0,0.0,1.184544e+18
2007-08-31,24.64516129032258,8.483870967741936,0.03333333333333333,1092.032258064516,,100.0,0.0,688.5,0.0,0.0,1.1872224e+18
2007-09-30,19.066666666666666,4.166666666666667,1.206896551724138,1102.6,70.0,80.0,0.31666666666666665,689.5833333333334,0.27586206896551724,0.0,1.1898576e+18
2007-10-31,12.483870967741936,0.45161290322580644,4.172413793103448,67.48387096774194,100.0,100.0,1.4166666666666667,29.06451612903226,1.7741935483870968,0.15357142857142855,1.1924928e+18
2007-11-30,11.533333333333333,-1.4,1.6296296296296295,148.93333333333334,76.66666666666667,94.0,0.16666666666666666,45.833333333333336,0.2,0.0,1.195128e+18
2007-12-31,2.4516129032258065,-7.32258064516129,7.2,280.0967741935484,100.0,100.0,6.616666666666666,154.96774193548387,56.86666666666667,8.473333333333333,1.1977632e+18
2008-01-31,1.7419354838709677,-7.290322580645161,13.466666666666667,590.5806451612904,95.23809523809524,50.0,11.5,419.56451612903226,170.08064516129033,44.82727272727273,1.2004416e+18
2008-02-29,7.551724137931035,-6.068965517241379,7.730769230769231,882.6896551724138,100.0,,7.357142857142857,714.5689655172414,249.9655172413793,80.85,1.2030336e+18
2008-03-31,8.32258064516129,-4.806451612903226,3.037037037037037,1025.2903225806451,88.63636363636364,45.0,1.5925925925925926,829.2903225806451,209.09677419354838,86.09285714285714,1.2056256e+18
2008-04-30,10.1,-3.7,0.8518518518518519,1076.8333333333333,100.0,,0.8571428571428571,860.2,125.45,54.98,1.2082608e+18
2008-05-31,14.387096774193548,1.1290322580645162,1.6206896551724137,1106.3548387096773,31.0,89.66666666666667,0.13793103448275862,876.5322580645161,8.016129032258064,2.0076923076923077,1.210896e+18
2008-06-30,21.166666666666668,4.166666666666667,0.0,1138.0,,100.0,0.0,879.5,0.0,0.0,1.2135312e+18
2008-07-31,25.580645161290324,8.32258064516129,0.06451612903225806,1138.774193548387,,100.0,0.0,879.5,0.0,0.0,1.2161664e+18
2008-08-31,25.870967741935484,9.03225806451613,0.0,1140.0,,,0.0,879.5,0.0,0.0,1.2188448e+18
2008-09-30,23.0,5.766666666666667,0.0,1140.0,,100.0,0.0,879.5,0.0,0.0,1.22148e+18
2008-10-31,15.451612903225806,1.2903225806451613,2.8275862068965516,49.25806451612903,100.0,100.0,0.0,0.0,0.0,0.0,1.2241152e+18
2008-11-30,11.2,-0.7,6.428571428571429,254.53333333333333,51.714285714285715,91.14285714285714,1.1379310344827587,29.783333333333335,7.196428571428571,0.8,1.2267504e+18
2008-12-31,4.838709677419355,-6.612903225806452,8.266666666666667,356.0967741935484,100.0,,7.903225806451613,132.1451612903226,56.96774193548387,6.5,1.2293856e+18
2009-01-31,8.935483870967742,-4.419354838709677,4.586206896551724,560.9677419354839,70.71428571428571,75.625,1.2586206896551724,294.9193548387097,98.95161290322581,31.599999999999998,1.232064e+18
2009-02-28,4.535714285714286,-5.964285714285714,12.296296296296296,783.1785714285714,95.0,95.0,12.296296296296296,473.89285714285717,160.28571428571428,47.74375,1.2346128e+18
2009-03-31,7.290322580645161,-5.741935483870968,9.827586206896552,1203.6451612903227,96.36363636363636,46.666666666666664,6.870967741935484,812.983870967742,238.16129032258064,89.31,1.2371616e+18
2009-04-30,11.066666666666666,-3.066666666666667,1.9310344827586208,1293.8,100.0,100.0,1.7833333333333334,892.95,157.56666666666666,68.78999999999999,1.2397968e+18
2009-05-31,17.129032258064516,2.3870967741935485,5.6,1466.9032258064517,10.0,99.0,0.06451612903225806,914.9354838709677,31.43548387096774,8.98,1.242432e+18
2009-06-30,17.833333333333332,4.766666666666667,1.8571428571428572,1530.8666666666666,,100.0,0.0,915.0,0.0,0.0,1.2450672e+18
2009-07-31,25.35483870967742,8.129032258064516,0.3103448275862069,1536.8709677419354,,100.0,0.0,915.0,0.0,0.0,1.2477024e+18
2009-08-31,22.838709677419356,8.0,0.2,1550.032258064516,,100.0,0.0,915.0,0.0,0.0,1.2503808e+18
2009-09-30,22.666666666666668,8.066666666666666,0.0,1551.0,100.0,,0.0,915.0,0.0,0.0,1.253016e+18
2009-10-31,13.67741935483871,0.45161290322580644,4.448275862068965,78.7741935483871,88.83333333333333,77.83333333333333,0.7419354838709677,15.274193548387096,0.5483870967741935,0.034482758620689655,1.2556512e+18
2009-11-30,9.766666666666667,-2.933333333333333,2.2666666666666666,158.36666666666667,100.0,100.0,1.9333333333333333,46.0,9.383333333333333,0.8454545454545456,1.2582864e+18
2009-12-31,3.838709677419355,-7.354838709677419,7.6,324.35483870967744,96.5625,27.5,7.935483870967742,224.46774193548387,88.80645161290323,18.373333333333335,1.2609216e+18
2010-01-31,5.548387096774194,-3.903225806451613,11.178571428571429,560.2903225806451,95.66666666666667,93.0,9.5,443.16129032258067,158.0,44.125,1.2636e+18
2010-02-28,6.464285714285714,-4.642857142857143,7.125,802.8928571428571,96.9047619047619,21.666666666666668,6.454545454545454,682.0178571428571,204.08928571428572,66.25,1.2661488e+18
2010-03-31,7.548387096774194,-5.709677419354839,7.633333333333334,1011.3870967741935,91.33333333333333,43.333333333333336,6.85,865.016129032258,225.88709677419354,81.19090909090909,1.2686976e+18
2010-04-30,7.833333333333333,-4.666666666666667,8.344827586206897,1259.7666666666667,95.38461538461539,30.0,7.362068965517241,1082.0833333333333,235.66666666666666,91.4,1.2713328e+18
2010-05-31,10.516129032258064,-2.096774193548387,4.678571428571429,1427.258064516129,85.0,54.285714285714285,3.8448275862068964,1222.1612903225807,146.3709677419355,63.4,1.273968e+18
2010-06-30,18.3,3.7333333333333334,0.9629629629629629,1534.1333333333334,,100.0,0.0,1294.0,19.666666666666668,7.985714285714286,1.2766032e+18
2010-07-31,25.451612903225808,8.32258064516129,0.03333333333333333,1537.225806451613,,100.0,0.0,1294.0,0.0,0.0,1.2792384e+18
2010-08-31,22.838709677419356,6.193548387096774,0.2413793103448276,1538.6774193548388,,100.0,0.0,1294.0,0.0,0.0,1.2819168e+18
2010-09-30,21.766666666666666,5.166666666666667,0.1,1547.3,,100.0,0.0,1294.0,0.0,0.0,1.284552e+18
2010-10-31,14.064516129032258,3.096774193548387,9.612903225806452,117.16129032258064,51.666666666666664,95.76923076923077,0.3064516129032258,2.370967741935484,0.3709677419354839,0.034482758620689655,1.2871872e+18
2010-11-30,7.433333333333334,-4.666666666666667,9.0,419.3666666666667,94.8,50.666666666666664,8.482758620689655,97.88333333333334,56.206896551724135,4.13125,1.2898224e+18
2010-12-31,4.483870967741935,-4.258064516129032,17.258064516129032,834.7096774193549,77.63157894736842,56.81818181818182,11.620689655172415,405.7258064516129,170.58064516129033,50.5,1.2924576e+18
2011-01-31,9.612903225806452,-4.870967741935484,1.4666666666666666,1125.6451612903227,95.0,62.5,1.7,618.2741935483871,221.69354838709677,77.53999999999999,1.295136e+18
2011-02-28,3.7857142857142856,-8.285714285714286,7.777777777777778,1223.0714285714287,100.0,,11.222222222222221,748.8928571428571,253.23214285714286,81.62857142857142,1.2976848e+18
2011-03-31,4.548387096774194,-4.645161290322581,12.96774193548387,1545.7096774193549,95.47619047619048,31.666666666666668,16.4,1158.016129032258,406.46774193548384,150.35,1.3002336e+18
2011-04-30,7.566666666666666,-3.1,5.222222222222222,1818.8,78.6842105263158,45.0,2.5535714285714284,1477.35,376.1,174.4125,1.3028688e+18
2011-05-31,9.806451612903226,-2.2903225806451615,3.896551724137931,1944.6451612903227,99.0909090909091,55.0,3.2241379310344827,1545.0,280.241935483871,134.15555555555557,1.305504e+18
2011-06-30,16.1,0.8666666666666667,3.4,2077.6,61.0,85.0,0.9833333333333333,1629.35,147.33333333333334,72.025,1.3081392e+18
2011-07-31,22.161290322580644,5.548387096774194,0.0,2115.0,,,0.0,1633.0,0.0,0.0,1.3107744e+18
2011-08-31,23.258064516129032,5.870967741935484,0.0,2115.0,,,0.0,1633.0,0.0,0.0,1.3134528e+18
2011-09-30,22.566666666666666,6.066666666666666,1.1428571428571428,2134.8333333333335,,100.0,0.0,1633.0,0.0,0.0,1.316088e+18
2011-10-31,14.580645161290322,0.5161290322580645,3.870967741935484,98.93548387096774,68.33333333333333,98.33333333333333,1.596774193548387,42.32258064516129,3.629032258064516,0.5903225806451613,1.3187232e+18
2011-11-30,6.5,-4.933333333333334,2.966666666666667,173.93333333333334,98.33333333333333,63.0,2.6607142857142856,95.2,17.583333333333332,2.4210526315789473,1.3213584e+18
2011-12-31,6.387096774193548,-5.741935483870968,0.2,210.41935483870967,50.5,99.66666666666667,0.12903225806451613,126.19354838709677,17.64516129032258,4.779999999999999,1.3239936e+18
2012-01-31,7.451612903225806,-4.645161290322581,6.5,284.2258064516129,87.5,66.66666666666667,3.4310344827586206,160.61290322580646,22.580645161290324,7.016666666666667,1.326672e+18
2012-02-29,5.172413793103448,-6.586206896551724,4.269230769230769,435.44827586206895,96.15384615384616,50.0,4.730769230769231,257.1896551724138,49.43103448275862,15.021428571428572,1.329264e+18
2012-03-31,5.064516129032258,-5.096774193548387,13.586206896551724,697.2903225806451,92.6470588235294,65.625,12.810344827586206,539.0483870967741,145.98387096774192,36.24166666666667,1.331856e+18
2012-04-30,10.133333333333333,-3.2666666666666666,5.033333333333333,988.8333333333334,89.44444444444444,97.5,3.293103448275862,783.6166666666667,146.23333333333332,55.1,1.3344912e+18
2012-05-31,15.709677419354838,1.096774193548387,0.2,1067.9032258064517,68.33333333333333,47.5,0.16666666666666666,818.4677419354839,13.290322580645162,4.196000000000001,1.3371264e+18
2012-06-30,18.2,4.066666666666666,1.2333333333333334,1100.8,72.5,85.0,0.25,829.1833333333333,0.16666666666666666,0.0,1.3397616e+18
2012-07-31,23.161290322580644,7.225806451612903,0.6129032258064516,1114.8709677419354,,100.0,0.0,830.0,0.0,0.0,1.3423968e+18
2012-08-31,25.387096774193548,8.612903225806452,0.25806451612903225,1132.774193548387,,100.0,0.0,830.0,0.0,0.0,1.3450752e+18
2012-09-30,23.133333333333333,7.1,0.16666666666666666,1140.3333333333333,,100.0,0.0,830.0,0.0,0.0,1.3477104e+18
2012-10-31,15.0,1.8064516129032258,3.064516129032258,28.774193548387096,100.0,100.0,2.9193548387096775,27.096774193548388,14.838709677419354,2.096551724137931,1.3503456e+18
2012-11-30,8.533333333333333,-3.033333333333333,10.1,184.9,49.5,89.55555555555556,2.15,123.08333333333333,12.283333333333333,2.5153846153846158,1.3529808e+18
2012-12-31,1.1290322580645162,-7.709677419354839,11.387096774193548,621.8387096774194,94.11764705882354,75.0,7.806451612903226,256.3225806451613,92.62903225806451,22.346666666666668,1.355616e+18
2013-01-31,5.645161290322581,-7.709677419354839,1.096774193548387,769.0967741935484,100.0,100.0,1.2096774193548387,418.51612903225805,147.66129032258064,50.06428571428571,1.3582944e+18
2013-02-28,6.0,-7.5,1.0357142857142858,797.5,100.0,,1.0714285714285714,448.57142857142856,116.375,43.24615384615384,1.3608432e+18
2013-03-31,9.516129032258064,-3.4516129032258065,3.806451612903226,878.4516129032259,71.0,70.0,2.0483870967741935,504.3709677419355,102.96774193548387,42.214285714285715,1.363392e+18
2013-04-30,12.066666666666666,-1.3333333333333333,1.1666666666666667,960.8666666666667,64.0,95.0,0.48333333333333334,537.8833333333333,31.133333333333333,10.825,1.3660272e+18
2013-05-31,14.290322580645162,1.2903225806451613,2.096774193548387,1004.6774193548387,4.333333333333333,98.7,0.0,542.5,0.0,0.0,1.3686624e+18
2013-06-30,20.733333333333334,5.866666666666666,1.6,1044.3,,100.0,0.0,542.5,0.0,0.0,1.3712976e+18
2013-07-31,25.483870967741936,9.516129032258064,0.0,1080.0,,,0.0,542.5,0.0,0.0,1.3739328e+18
2013-08-31,22.451612903225808,6.548387096774194,0.6551724137931034,1086.516129032258,,100.0,0.0,542.5,0.0,0.0,1.3766112e+18
2013-09-30,18.266666666666666,4.866666666666666,2.3333333333333335,1124.1666666666667,69.0,99.125,0.1,543.2666666666667,0.1,0.0,1.3792464e+18
2013-10-31,13.612903225806452,-0.967741935483871,1.3548387096774193,6.516129032258065,100.0,100.0,1.3225806451612903,4.806451612903226,3.225806451612903,0.43870967741935485,1.3818816e+18
2013-11-30,9.7,-2.466666666666667,1.4333333333333333,58.3,70.0,45.0,0.7413793103448276,48.8,3.8833333333333333,0.708,1.3845168e+18
2013-12-31,7.612903225806452,-7.032258064516129,1.8666666666666667,132.38709677419354,87.14285714285714,90.0,1.7903225806451613,107.19354838709677,26.258064516129032,4.772222222222222,1.387152e+18
2014-01-31,9.709677419354838,-3.4193548387096775,2.4827586206896552,155.67741935483872,82.33333333333333,53.0,0.7,123.35483870967742,21.661290322580644,5.735294117647059,1.3898304e+18
2014-02-28,5.75,-4.714285714285714,12.88,398.89285714285717,79.61538461538461,46.5,4.037037037037037,194.53571428571428,50.5,17.14375,1.3923792e+18
2014-03-31,7.67741935483871,-2.935483870967742,7.903225806451613,631.6129032258065,74.46153846153847,72.0,4.833333333333333,300.96774193548384,66.19354838709677,22.326666666666664,1.394928e+18
2014-04-30,11.233333333333333,-2.7666666666666666,3.1724137931034484,819.1,100.0,100.0,3.267857142857143,443.0833333333333,41.71666666666667,9.518181818181818,1.3975632e+18
2014-05-31,15.129032258064516,1.3870967741935485,1.206896551724138,895.1612903225806,80.0,96.0,0.3064516129032258,491.741935483871,0.3064516129032258,0.035483870967741936,1.4001984e+18
2014-06-30,20.866666666666667,4.466666666666667,0.06896551724137931,907.3333333333334,,100.0,0.0,494.0,0.0,0.0,1.4028336e+18
2014-07-31,25.580645161290324,10.225806451612904,0.35714285714285715,911.8064516129032,,100.0,0.0,494.0,0.0,0.0,1.4054688e+18
2014-08-31,22.06451612903226,7.580645161290323,1.2258064516129032,951.1290322580645,,100.0,0.0,494.0,0.0,0.0,1.4081472e+18
2014-09-30,20.1,5.633333333333334,1.5517241379310345,964.8666666666667,2.0,99.66666666666667,0.0,494.0,0.0,0.0,1.4107824e+18
2014-10-31,16.677419354838708,2.096774193548387,1.7741935483870968,17.93548387096774,15.0,94.0,0.0967741935483871,0.5806451612903226,0.0967741935483871,0.0,1.4134176e+18
2014-11-30,9.5,-1.9333333333333333,5.413793103448276,101.03333333333333,89.0,62.888888888888886,1.8793103448275863,23.233333333333334,3.4,0.5428571428571428,1.4160528e+18
2014-12-31,3.6129032258064515,-4.096774193548387,10.033333333333333,431.6774193548387,78.3076923076923,71.18181818181819,4.518518518518518,123.14516129032258,51.08064516129032,11.144444444444444,1.418688e+18
2015-01-31,9.064516129032258,-2.225806451612903,0.3,516.2258064516129,70.0,90.0,0.11666666666666667,180.0,48.38709677419355,16.125,1.4213664e+18
2015-02-28,10.464285714285714,-2.2142857142857144,8.11111111111111,667.0,74.0,56.4,2.0555555555555554,206.66071428571428,28.982142857142858,12.475,1.4239152e+18
2015-03-31,12.096774193548388,-1.967741935483871,1.1612903225806452,758.741935483871,61.2,98.5,0.4482758620689655,244.3709677419355,8.85483870967742,2.154166666666667,1.426464e+18
2015-04-30,10.933333333333334,-2.2333333333333334,3.4482758620689653,824.0333333333333,93.0,90.0,2.4464285714285716,288.31666666666666,4.517241379310345,0.6333333333333334,1.4290992e+18
2015-05-31,12.903225806451612,1.1290322580645162,3.0,921.5483870967741,62.5,84.375,0.3387096774193548,327.5,0.3387096774193548,0.03103448275862069,1.4317344e+18
2015-06-30,22.633333333333333,6.7,1.1481481481481481,993.8,,100.0,0.0,330.5,0.0,0.0,1.4343696e+18
2015-07-31,22.225806451612904,7.903225806451613,1.2758620689655173,1028.516129032258,,100.0,0.0,330.5,0.0,0.0,1.4370048e+18
2015-08-31,23.387096774193548,7.645161290322581,0.2903225806451613,1045.4516129032259,,100.0,0.0,330.5,0.0,0.0,1.4396832e+18
2015-09-30,21.0,6.0,0.36666666666666664,1051.3333333333333,,100.0,0.0,330.5,0.0,0.0,1.4423184e+18
2015-10-31,16.096774193548388,3.3225806451612905,2.892857142857143,55.61290322580645,,100.0,0.0,0.0,0.0,0.0,1.4449536e+18
2015-11-30,5.366666666666666,-6.266666666666667,4.533333333333333,172.56666666666666,97.22222222222223,62.5,2.810344827586207,44.56666666666667,15.866666666666667,2.261111111111111,1.4475888e+18
2015-12-31,0.4838709677419355,-7.387096774193548,13.592592592592593,404.83870967741933,86.3157894736842,84.44444444444444,8.903846153846153,192.11290322580646,81.85483870967742,19.653333333333332,1.450224e+18
2016-01-31,2.6774193548387095,-6.096774193548387,14.206896551724139,745.0,85.71428571428571,71.42857142857143,7.362068965517241,419.98387096774195,179.80645161290323,53.925000000000004,1.4529024e+18
2016-02-29,9.655172413793103,-4.620689655172414,3.1538461538461537,1033.4827586206898,93.125,55.0,2.7037037037037037,563.4137931034483,181.25862068965517,71.74666666666667,1.4554944e+18
2016-03-31,7.161290322580645,-3.3870967741935485,14.064516129032258,1367.0,87.5,45.0,9.116666666666667,766.1129032258065,220.5,78.33,1.4580864e+18
2016-04-30,11.6,-0.8,3.857142857142857,1559.2333333333333,87.27272727272727,55.0,2.3653846153846154,915.95,147.53333333333333,65.45714285714286,1.4607216e+18
2016-05-31,13.838709677419354,0.6129032258064516,2.7419354838709675,1669.9354838709678,88.33333333333333,86.25,0.6290322580645161,940.983870967742,23.451612903225808,9.491666666666667,1.4633568e+18
2016-06-30,21.20689655172414,5.137931034482759,0.4482758620689655,1713.4137931034484,,100.0,0.0,954.0,0.0,0.0,1.4659577379310344e+18
2016-07-31,24.032258064516128,7.129032258064516,0.0,1720.0,,,0.0,954.0,0.0,0.0,1.4686272e+18
2016-08-31,25.419354838709676,7.806451612903226,0.0,1720.0,,100.0,0.0,954.0,0.0,0.0,1.4713056e+18
2016-09-30,20.733333333333334,5.766666666666667,0.06896551724137931,1720.6,,100.0,0.0,954.0,0.0,0.0,1.4739408e+18
2016-10-31,11.03225806451613,1.1935483870967742,12.838709677419354,149.67741935483872,76.5,84.1,1.1129032258064515,8.758064516129032,1.467741935483871,0.3064516129032258,1.476576e+18
2016-11-30,8.666666666666666,-3.1333333333333333,5.433333333333334,456.5,91.66666666666667,50.0,4.35,76.68333333333334,25.783333333333335,3.861111111111111,1.4792112e+18
2016-12-31,4.451612903225806,-6.741935483870968,10.8,754.8064516129032,87.5,75.0,2.1379310344827585,190.01612903225808,57.79032258064516,15.370588235294118,1.4818464e+18
2017-01-31,1.7419354838709677,-7.193548387096774,26.774193548387096,1459.258064516129,94.52941176470588,64.33333333333333,19.467741935483872,608.8387096774194,261.16129032258067,81.95555555555556,1.4845248e+18
2017-02-28,1.7857142857142858,-4.928571428571429,28.153846153846153,2165.5,92.25,59.166666666666664,12.946428571428571,1018.9464285714286,356.42857142857144,136.31875,1.4870736e+18
2017-03-31,8.451612903225806,-3.870967741935484,5.967741935483871,2540.3870967741937,82.0,76.0,3.725806451612903,1268.758064516129,380.69354838709677,173.29166666666666,1.4896224e+18
2017-04-30,8.2,-2.466666666666667,10.2,2816.6,75.5,64.5,4.481481481481482,1383.0166666666667,348.76666666666665,174.87692307692308,1.4922576e+18
2017-05-31,15.67741935483871,0.8064516129032258,1.3103448275862069,2963.8709677419356,56.666666666666664,75.71428571428571,0.16129032258064516,1432.5645161290322,207.0483870967742,112.96923076923076,1.4948928e+18
2017-06-30,20.3,4.1,1.0,2995.733333333333,87.5,81.25,0.5833333333333334,1445.5833333333333,22.433333333333334,9.68,1.497528e+18
2017-07-31,25.612903225806452,8.64516129032258,0.0,3005.0,,,0.0,1452.0,0.0,0.0,1.5001632e+18
2017-08-31,25.129032258064516,10.225806451612904,0.25,3009.6774193548385,,100.0,0.0,1452.0,0.0,0.0,1.5028416e+18
2017-09-30,18.666666666666668,7.033333333333333,1.9259259259259258,3039.9333333333334,90.0,92.0,0.13333333333333333,1453.25,0.11666666666666667,0.02333333333333333,1.5054768e+18
2017-10-31,15.935483870967742,0.5161290322580645,0.8387096774193549,10.258064516129032,80.0,60.0,0.3870967741935484,4.580645161290323,0.5161290322580645,0.08709677419354839,1.508112e+18
2017-11-30,7.566666666666666,-1.2333333333333334,15.035714285714286,256.56666666666666,56.69230769230769,80.25,1.9642857142857142,43.2,13.533333333333333,4.406666666666666,1.5107472e+18
2017-12-31,9.161290322580646,-4.516129032258065,0.7931034482758621,461.93548387096774,100.0,,0.5344827586206896,77.38709677419355,25.096774193548388,5.585714285714286,1.5133824e+18
2018-01-31,6.935483870967742,-2.4516129032258065,9.107142857142858,625.8709677419355,77.0,77.66666666666667,3.05,109.64516129032258,34.903225806451616,10.626666666666667,1.5160608e+18
2018-02-28,5.321428571428571,-7.142857142857143,1.8518518518518519,736.7857142857143,100.0,,3.423076923076923,188.91071428571428,44.55357142857143,15.233333333333334,1.5186096e+18
2018-03-31,4.548387096774194,-6.290322580645161,17.096774193548388,1082.5806451612902,75.70588235294117,68.83333333333333,12.366666666666667,512.1935483870968,152.03225806451613,44.54375,1.5211584e+18
2018-04-30,10.366666666666667,-3.066666666666667,5.551724137931035,1417.8,76.3,67.125,1.5892857142857142,658.5833333333334,89.68333333333334,37.457142857142856,1.5237936e+18
2018-05-31,14.96774193548387,3.4838709677419355,2.4827586206896552,1496.225806451613,62.5,96.15384615384616,0.016666666666666666,679.0,2.9838709677419355,0.9066666666666666,1.5264288e+18
2018-06-30,21.666666666666668,6.866666666666666,0.03333333333333333,1538.4666666666667,,100.0,0.0,679.0,0.0,0.0,1.529064e+18
2018-07-31,26.322580645161292,11.419354838709678,0.03225806451612903,1539.6129032258063,,100.0,0.0,679.0,0.0,0.0,1.5316992e+18
2018-08-31,24.741935483870968,9.387096774193548,0.03225806451612903,1540.5806451612902,,100.0,0.0,679.0,0.0,0.0,1.5343776e+18
2018-09-30,21.466666666666665,5.433333333333334,0.0,1541.0,,,0.0,679.0,0.0,0.0,1.5370128e+18
2018-10-31,14.064516129032258,3.774193548387097,0.9354838709677419,26.516129032258064,,100.0,0.0,0.0,0.0,0.0,1.539648e+18
2018-11-30,11.133333333333333,0.16666666666666666,6.4,69.7,77.14285714285714,52.0,2.8,13.4,11.666666666666666,1.88,1.5422832e+18
2018-12-31,4.258064516129032,-5.129032258064516,4.142857142857143,281.35483870967744,96.38461538461539,11.75,3.0714285714285716,136.75806451612902,72.90322580645162,19.676923076923078,1.5449184e+18
2019-01-31,5.419354838709677,-3.4838709677419355,14.833333333333334,600.3548387096774,95.18181818181819,30.6,9.931034482758621,347.0,174.61290322580646,52.27333333333333,1.5475968e+18
2019-02-28,-0.39285714285714285,-9.178571428571429,30.703703703703702,1196.5,91.75,49.666666666666664,20.796296296296298,723.4821428571429,330.57142857142856,114.3,1.5501456e+18
2019-03-31,5.0,-5.387096774193548,7.966666666666667,1758.3870967741937,90.28571428571429,29.142857142857142,4.55,1098.4354838709678,392.1774193548387,177.9846153846154,1.5526944e+18
2019-04-30,10.866666666666667,-1.0333333333333334,4.068965517241379,1946.3,57.1,82.9,0.85,1176.4333333333334,321.26666666666665,174.57,1.5553296e+18
2019-05-31,11.67741935483871,-0.967741935483871,5.645161290322581,2038.6451612903227,87.25,73.46666666666667,1.8709677419354838,1203.2903225806451,183.75806451612902,102.51333333333334,1.5579648e+18
2019-06-30,19.833333333333332,3.6333333333333333,0.23333333333333334,2148.366666666667,,100.0,0.0,1239.5,36.75,15.929166666666667,1.5606e+18
2019-07-31,22.93548387096774,7.129032258064516,0.0,2150.0,,,0.0,1239.5,0.0,0.0,1.5632352e+18
2019-08-31,24.129032258064516,7.935483870967742,0.0,2150.0,,100.0,0.0,1239.5,0.0,0.0,1.5659136e+18
2019-09-30,17.533333333333335,4.033333333333333,2.066666666666667,2169.233333333333,59.0,50.833333333333336,0.4482758620689655,1240.3833333333334,0.41379310344827586,0.03571428571428571,1.5685488e+18
